date,values
2024-12-24 00:00:14,163.0
2024-12-24 00:15:11,160.0
2024-12-24 00:30:11,158.2
2024-12-24 00:45:11,156.0
2024-12-24 01:00:15,152.6
2024-12-24 01:15:11,151.2
2024-12-24 01:30:12,149.7
2024-12-24 01:45:11,148.1
2024-12-24 02:00:13,146.2
2024-12-24 02:15:11,145.6
2024-12-24 02:30:12,143.5
2024-12-24 02:45:11,143.2
2024-12-24 03:00:13,141.8
2024-12-24 03:15:11,141.9
2024-12-24 03:30:11,142.2
2024-12-24 03:45:11,142.1
2024-12-24 04:00:12,142.2
2024-12-24 04:15:10,141.3
2024-12-24 04:30:10,141.4
2024-12-24 04:45:09,142.8
2024-12-24 05:00:13,144.8
2024-12-24 05:15:10,146.8
2024-12-24 05:30:09,146.4
2024-12-24 05:45:09,148.2
2024-12-24 06:00:12,150.4
2024-12-24 06:15:10,151.4
2024-12-24 06:30:10,154.4
2024-12-24 06:45:10,154.8
2024-12-24 07:00:11,157.6
2024-12-24 07:15:11,158.6
2024-12-24 07:30:10,162.6
2024-12-24 07:45:09,162.1
2024-12-24 08:00:11,165.5
2024-12-24 08:15:09,166.4
2024-12-24 08:30:10,169.1
2024-12-24 08:45:09,169.9
2024-12-24 09:00:12,172.2
2024-12-24 09:15:10,173.8
2024-12-24 09:30:09,176.3
2024-12-24 09:45:09,180.8
2024-12-24 10:00:12,181.9
2024-12-24 10:15:09,183.8
2024-12-24 10:30:09,185.1
2024-12-24 10:45:09,185.3
2024-12-24 11:00:11,184.8
2024-12-24 11:15:09,185.3
2024-12-24 11:30:10,187.8
2024-12-24 11:45:09,187.8
2024-12-24 12:00:12,189.1
2024-12-24 12:15:11,190.0
2024-12-24 12:30:10,189.6
2024-12-24 12:45:10,192.6
2024-12-24 13:00:13,192.3
2024-12-24 13:15:11,194.5
2024-12-24 13:30:10,194.3
2024-12-24 13:45:11,194.5
2024-12-24 14:00:11,195.2
2024-12-24 14:15:11,194.1
2024-12-24 14:30:10,195.2
2024-12-24 14:45:09,194.0
2024-12-24 15:00:13,195.4
2024-12-24 15:15:10,195.7
2024-12-24 15:30:10,195.6
2024-12-24 15:45:09,194.7
2024-12-24 16:00:12,196.6
2024-12-24 16:15:10,197.0
2024-12-24 16:30:10,197.9
2024-12-24 16:45:09,198.0
2024-12-24 17:00:12,196.2
2024-12-24 17:15:09,197.5
2024-12-24 17:30:10,199.0
2024-12-24 17:45:10,199.3
2024-12-24 18:00:12,198.1
2024-12-24 18:15:10,197.5
2024-12-24 18:30:11,196.8
2024-12-24 18:45:10,196.8
2024-12-24 19:00:12,190.8
2024-12-24 19:15:11,190.6
2024-12-24 19:30:12,191.2
2024-12-24 19:45:10,188.0
2024-12-24 20:00:11,183.9
2024-12-24 20:15:10,182.9
2024-12-24 20:30:10,180.9
2024-12-24 20:45:10,180.4
2024-12-24 21:00:12,179.0
2024-12-24 21:15:11,177.1
2024-12-24 21:30:11,175.2
2024-12-24 21:45:11,174.4
2024-12-24 22:00:14,174.5
2024-12-24 22:15:10,172.0
2024-12-24 22:30:10,170.3
2024-12-24 22:45:10,169.8
2024-12-24 23:00:13,167.9
2024-12-24 23:15:10,168.1
2024-12-24 23:30:12,165.5
2024-12-24 23:45:10,163.9
2024-12-25 00:00:15,161.5
2024-12-25 00:15:11,160.9
2024-12-25 00:30:13,158.7
2024-12-25 00:45:12,158.3
2024-12-25 01:00:15,155.3
2024-12-25 01:15:13,157.2
2024-12-25 01:30:12,154.1
2024-12-25 01:45:11,152.3
2024-12-25 02:00:12,151.9
2024-12-25 02:15:11,151.9
2024-12-25 02:30:10,149.9
2024-12-25 02:45:11,149.6
2024-12-25 03:00:13,148.4
2024-12-25 03:15:10,147.8
2024-12-25 03:30:10,147.8
2024-12-25 03:45:12,147.1
2024-12-25 04:00:14,147.3
2024-12-25 04:15:11,147.2
2024-12-25 04:30:10,147.5
2024-12-25 04:45:10,148.2
2024-12-25 05:00:12,148.1
2024-12-25 05:15:10,148.5
2024-12-25 05:30:10,148.4
2024-12-25 05:45:10,150.1
2024-12-25 06:00:12,150.1
2024-12-25 06:15:10,153.0
2024-12-25 06:30:10,152.6
2024-12-25 06:45:10,153.2
2024-12-25 07:00:12,154.4
2024-12-25 07:15:10,157.4
2024-12-25 07:30:11,158.1
2024-12-25 07:45:10,160.5
2024-12-25 08:00:12,160.9
2024-12-25 08:15:10,163.6
2024-12-25 08:30:10,166.3
2024-12-25 08:45:09,169.7
2024-12-25 09:00:12,169.5
2024-12-25 09:15:09,173.7
2024-12-25 09:30:10,175.7
2024-12-25 09:45:10,178.2
2024-12-25 10:00:13,179.6
2024-12-25 10:15:11,181.8
2024-12-25 10:30:10,182.2
2024-12-25 10:45:10,183.6
2024-12-25 11:00:12,183.8
2024-12-25 11:15:10,181.4
2024-12-25 11:30:09,183.3
2024-12-25 11:45:10,182.6
2024-12-25 12:00:11,183.1
2024-12-25 12:15:11,181.5
2024-12-25 12:30:11,182.4
2024-12-25 12:45:09,181.3
2024-12-25 13:00:12,181.6
2024-12-25 13:15:10,179.2
2024-12-25 13:30:09,178.6
2024-12-25 13:45:09,177.5
2024-12-25 14:00:11,176.6
2024-12-25 14:15:10,177.3
2024-12-25 14:30:10,175.6
2024-12-25 14:45:10,174.3
2024-12-25 15:00:11,172.9
2024-12-25 15:15:09,173.6
2024-12-25 15:30:11,172.9
2024-12-25 15:45:09,173.7
2024-12-25 16:00:11,171.0
2024-12-25 16:15:10,172.3
2024-12-25 16:30:11,173.5
2024-12-25 16:45:09,175.2
2024-12-25 17:00:12,174.5
2024-12-25 17:15:11,177.2
2024-12-25 17:30:08,181.2
2024-12-25 17:45:09,183.0
2024-12-25 18:00:11,182.8
2024-12-25 18:15:09,182.9
2024-12-25 18:30:10,183.3
2024-12-25 18:45:09,183.4
2024-12-25 19:00:11,182.3
2024-12-25 19:15:09,182.8
2024-12-25 19:30:09,182.1
2024-12-25 19:45:09,182.4
2024-12-25 20:00:10,181.3
2024-12-25 20:15:10,180.1
2024-12-25 20:30:10,180.3
2024-12-25 20:45:09,182.0
2024-12-25 21:00:11,178.8
2024-12-25 21:15:10,178.0
2024-12-25 21:30:10,176.5
2024-12-25 21:45:09,176.0
2024-12-25 22:00:12,175.6
2024-12-25 22:15:09,173.7
2024-12-25 22:30:11,170.1
2024-12-25 22:45:11,169.6
2024-12-25 23:00:12,167.0
2024-12-25 23:15:11,165.9
2024-12-25 23:30:11,161.6
2024-12-25 23:45:10,161.4
2024-12-26 00:00:14,159.8
2024-12-26 00:15:10,157.1
2024-12-26 00:30:11,154.5
2024-12-26 00:45:12,153.9
2024-12-26 01:00:13,152.0
2024-12-26 01:15:14,150.6
2024-12-26 01:30:11,149.6
2024-12-26 01:45:11,147.2
2024-12-26 02:00:13,146.9
2024-12-26 02:15:11,145.6
2024-12-26 02:30:11,145.6
2024-12-26 02:45:11,144.9
2024-12-26 03:00:12,144.0
2024-12-26 03:15:11,145.0
2024-12-26 03:30:11,143.7
2024-12-26 03:45:12,145.2
2024-12-26 04:00:13,144.7
2024-12-26 04:15:11,146.3
2024-12-26 04:30:12,146.4
2024-12-26 04:45:11,149.7
2024-12-26 05:00:12,150.1
2024-12-26 05:15:10,154.7
2024-12-26 05:30:09,154.5
2024-12-26 05:45:09,157.6
2024-12-26 06:00:12,159.9
2024-12-26 06:15:10,161.2
2024-12-26 06:30:10,164.9
2024-12-26 06:45:10,165.5
2024-12-26 07:00:11,168.0
2024-12-26 07:15:09,171.9
2024-12-26 07:30:09,171.8
2024-12-26 07:45:10,171.5
2024-12-26 08:00:11,174.9
2024-12-26 08:15:10,179.0
2024-12-26 08:30:11,179.8
2024-12-26 08:45:10,181.8
2024-12-26 09:00:10,184.8
2024-12-26 09:15:09,187.5
2024-12-26 09:30:09,191.6
2024-12-26 09:45:10,194.3
2024-12-26 10:00:12,193.6
2024-12-26 10:15:10,197.2
2024-12-26 10:30:10,197.3
2024-12-26 10:45:09,200.4
2024-12-26 11:00:11,202.2
2024-12-26 11:15:11,202.2
2024-12-26 11:30:10,206.7
2024-12-26 11:45:11,204.7
2024-12-26 12:00:11,204.5
2024-12-26 12:15:10,206.6
2024-12-26 12:30:11,206.0
2024-12-26 12:45:10,209.2
2024-12-26 13:00:11,205.8
2024-12-26 13:15:11,206.5
2024-12-26 13:30:10,205.4
2024-12-26 13:45:11,208.0
2024-12-26 14:00:12,201.7
2024-12-26 14:15:10,199.5
2024-12-26 14:30:11,197.3
2024-12-26 14:45:10,195.3
2024-12-26 15:00:13,195.6
2024-12-26 15:15:10,196.3
2024-12-26 15:30:11,196.9
2024-12-26 15:45:10,196.9
2024-12-26 16:00:11,196.1
2024-12-26 16:15:09,197.8
2024-12-26 16:30:11,198.1
2024-12-26 16:45:10,198.9
2024-12-26 17:00:12,198.0
2024-12-26 17:15:11,202.8
2024-12-26 17:30:09,205.4
2024-12-26 17:45:10,207.9
2024-12-26 18:00:13,207.8
2024-12-26 18:15:09,207.1
2024-12-26 18:30:09,208.0
2024-12-26 18:45:11,207.0
2024-12-26 19:00:11,206.7
2024-12-26 19:15:09,206.3
2024-12-26 19:30:08,206.4
2024-12-26 19:45:10,207.6
2024-12-26 20:00:11,202.5
2024-12-26 20:15:10,203.8
2024-12-26 20:30:10,204.7
2024-12-26 20:45:10,203.1
2024-12-26 21:00:11,200.9
2024-12-26 21:15:10,198.9
2024-12-26 21:30:13,197.0
2024-12-26 21:45:10,195.7
2024-12-26 22:00:14,193.1
2024-12-26 22:15:11,191.5
2024-12-26 22:30:11,189.1
2024-12-26 22:45:12,188.8
2024-12-26 23:00:11,183.9
2024-12-26 23:15:11,181.8
2024-12-26 23:30:10,178.2
2024-12-26 23:45:10,175.9
2024-12-27 00:00:14,172.0
2024-12-27 00:15:11,171.3
2024-12-27 00:30:11,167.7
2024-12-27 00:45:11,166.5
2024-12-27 01:00:14,165.5
2024-12-27 01:15:11,164.9
2024-12-27 01:30:12,163.3
2024-12-27 01:45:12,161.9
2024-12-27 02:00:15,161.2
2024-12-27 02:15:11,160.9
2024-12-27 02:30:10,160.5
2024-12-27 02:45:11,159.2
2024-12-27 03:00:12,160.2
2024-12-27 03:15:11,160.9
2024-12-27 03:30:11,161.0
2024-12-27 03:45:11,162.1
2024-12-27 04:00:12,162.8
2024-12-27 04:15:10,163.4
2024-12-27 04:30:11,165.9
2024-12-27 04:45:11,167.4
2024-12-27 05:00:13,169.5
2024-12-27 05:15:10,172.8
2024-12-27 05:30:10,176.0
2024-12-27 05:45:10,177.3
2024-12-27 06:00:12,180.5
2024-12-27 06:15:09,183.2
2024-12-27 06:30:11,185.9
2024-12-27 06:45:09,186.7
2024-12-27 07:00:11,187.0
2024-12-27 07:15:09,191.5
2024-12-27 07:30:11,191.8
2024-12-27 07:45:11,193.1
2024-12-27 08:00:11,197.5
2024-12-27 08:15:11,200.3
2024-12-27 08:30:11,200.0
2024-12-27 08:45:09,203.3
2024-12-27 09:00:12,201.6
2024-12-27 09:15:09,204.0
2024-12-27 09:30:11,203.3
2024-12-27 09:45:10,204.8
2024-12-27 10:00:12,200.6
2024-12-27 10:15:12,199.5
2024-12-27 10:30:10,198.2
2024-12-27 10:45:10,197.2
2024-12-27 11:00:11,195.4
2024-12-27 11:15:11,194.1
2024-12-27 11:30:11,195.4
2024-12-27 11:45:12,192.0
2024-12-27 12:00:11,189.7
2024-12-27 12:15:10,188.8
2024-12-27 12:30:11,188.9
2024-12-27 12:45:11,187.2
2024-12-27 13:00:12,185.8
2024-12-27 13:15:09,185.2
2024-12-27 13:30:10,185.4
2024-12-27 13:45:09,184.6
2024-12-27 14:00:11,185.7
2024-12-27 14:15:09,184.9
2024-12-27 14:30:09,184.5
2024-12-27 14:45:09,184.7
2024-12-27 15:00:11,185.8
2024-12-27 15:15:10,184.5
2024-12-27 15:30:10,186.8
2024-12-27 15:45:10,182.8
2024-12-27 16:00:11,184.5
2024-12-27 16:15:09,183.9
2024-12-27 16:30:10,183.8
2024-12-27 16:45:10,187.7
2024-12-27 17:00:11,186.5
2024-12-27 17:15:09,187.2
2024-12-27 17:30:10,190.5
2024-12-27 17:45:09,195.9
2024-12-27 18:00:13,196.1
2024-12-27 18:15:09,194.6
2024-12-27 18:30:10,196.5
2024-12-27 18:45:09,195.5
2024-12-27 19:00:10,194.3
2024-12-27 19:15:09,194.5
2024-12-27 19:30:10,194.0
2024-12-27 19:45:09,194.7
2024-12-27 20:00:11,192.0
2024-12-27 20:15:10,191.6
2024-12-27 20:30:09,190.8
2024-12-27 20:45:09,189.7
2024-12-27 21:00:11,188.3
2024-12-27 21:15:09,186.5
2024-12-27 21:30:09,185.7
2024-12-27 21:45:09,185.2
2024-12-27 22:00:13,182.8
2024-12-27 22:15:10,181.4
2024-12-27 22:30:10,178.4
2024-12-27 22:45:09,177.1
2024-12-27 23:00:13,174.6
2024-12-27 23:15:10,172.2
2024-12-27 23:30:10,169.1
2024-12-27 23:45:10,165.5
2024-12-28 00:00:13,162.9
2024-12-28 00:15:11,162.3
2024-12-28 00:30:11,159.2
2024-12-28 00:45:10,158.8
2024-12-28 01:00:13,154.3
2024-12-28 01:15:10,154.3
2024-12-28 01:30:11,153.4
2024-12-28 01:45:11,151.2
2024-12-28 02:00:14,150.5
2024-12-28 02:15:10,149.4
2024-12-28 02:30:10,148.3
2024-12-28 02:45:10,146.0
2024-12-28 03:00:12,147.4
2024-12-28 03:15:10,146.4
2024-12-28 03:30:11,145.5
2024-12-28 03:45:10,144.4
2024-12-28 04:00:12,145.3
2024-12-28 04:15:09,144.6
2024-12-28 04:30:11,144.2
2024-12-28 04:45:09,145.3
2024-12-28 05:00:13,146.3
2024-12-28 05:15:09,147.8
2024-12-28 05:30:10,148.2
2024-12-28 05:45:09,150.1
2024-12-28 06:00:12,150.7
2024-12-28 06:15:09,152.1
2024-12-28 06:30:09,152.3
2024-12-28 06:45:09,151.8
2024-12-28 07:00:11,153.1
2024-12-28 07:15:10,156.4
2024-12-28 07:30:10,157.5
2024-12-28 07:45:09,158.3
2024-12-28 08:00:11,161.3
2024-12-28 08:15:10,164.7
2024-12-28 08:30:11,165.6
2024-12-28 08:45:08,168.4
2024-12-28 09:00:09,170.5
2024-12-28 09:15:10,175.6
2024-12-28 09:30:10,175.0
2024-12-28 09:45:10,178.9
2024-12-28 10:00:12,181.7
2024-12-28 10:15:09,183.6
2024-12-28 10:30:10,185.1
2024-12-28 10:45:09,188.4
2024-12-28 11:00:12,190.2
2024-12-28 11:15:11,191.6
2024-12-28 11:30:12,192.4
2024-12-28 11:45:11,195.8
2024-12-28 12:00:12,197.1
2024-12-28 12:15:11,196.9
2024-12-28 12:30:11,195.0
2024-12-28 12:45:11,194.1
2024-12-28 13:00:12,195.6
2024-12-28 13:15:10,194.7
2024-12-28 13:30:10,194.5
2024-12-28 13:45:11,194.7
2024-12-28 14:00:12,195.9
2024-12-28 14:15:11,193.7
2024-12-28 14:30:12,192.5
2024-12-28 14:45:11,192.9
2024-12-28 15:00:12,190.1
2024-12-28 15:15:10,188.1
2024-12-28 15:30:11,186.8
2024-12-28 15:45:10,189.4
2024-12-28 16:00:11,187.2
2024-12-28 16:15:10,187.4
2024-12-28 16:30:10,189.2
2024-12-28 16:45:10,190.1
2024-12-28 17:00:13,193.9
2024-12-28 17:15:09,192.0
2024-12-28 17:30:09,194.1
2024-12-28 17:45:08,197.2
2024-12-28 18:00:10,198.7
2024-12-28 18:15:10,199.8
2024-12-28 18:30:09,199.7
2024-12-28 18:45:10,199.8
2024-12-28 19:00:11,199.0
2024-12-28 19:15:10,199.6
2024-12-28 19:30:10,199.4
2024-12-28 19:45:10,200.2
2024-12-28 20:00:10,198.7
2024-12-28 20:15:10,199.5
2024-12-28 20:30:09,196.5
2024-12-28 20:45:10,197.8
2024-12-28 21:00:10,195.2
2024-12-28 21:15:11,195.8
2024-12-28 21:30:09,194.0
2024-12-28 21:45:10,191.7
2024-12-28 22:00:12,190.7
2024-12-28 22:15:09,189.0
2024-12-28 22:30:11,187.4
2024-12-28 22:45:10,187.5
2024-12-28 23:00:12,183.5
2024-12-28 23:15:11,180.6
2024-12-28 23:30:09,180.5
2024-12-28 23:45:10,177.2
2024-12-29 00:00:13,176.3
2024-12-29 00:15:11,172.3
2024-12-29 00:30:10,171.2
2024-12-29 00:45:11,170.7
2024-12-29 01:00:15,167.9
2024-12-29 01:15:10,166.6
2024-12-29 01:30:12,164.9
2024-12-29 01:45:11,162.5
2024-12-29 02:00:13,160.4
2024-12-29 02:15:10,159.2
2024-12-29 02:30:11,159.7
2024-12-29 02:45:09,157.0
2024-12-29 03:00:11,157.5
2024-12-29 03:15:11,157.4
2024-12-29 03:30:11,157.9
2024-12-29 03:45:12,157.0
2024-12-29 04:00:13,158.5
2024-12-29 04:15:10,156.2
2024-12-29 04:30:12,158.1
2024-12-29 04:45:09,157.4
2024-12-29 05:00:11,158.7
2024-12-29 05:15:11,158.3
2024-12-29 05:30:10,157.6
2024-12-29 05:45:10,158.9
2024-12-29 06:00:14,160.7
2024-12-29 06:15:11,162.7
2024-12-29 06:30:12,162.4
2024-12-29 06:45:10,164.6
2024-12-29 07:00:11,164.6
2024-12-29 07:15:10,168.7
2024-12-29 07:30:10,168.7
2024-12-29 07:45:10,168.4
2024-12-29 08:00:12,169.8
2024-12-29 08:15:10,172.2
2024-12-29 08:30:10,172.8
2024-12-29 08:45:11,175.4
2024-12-29 09:00:13,178.2
2024-12-29 09:15:10,179.3
2024-12-29 09:30:10,180.2
2024-12-29 09:45:11,180.1
2024-12-29 10:00:11,180.3
2024-12-29 10:15:09,183.1
2024-12-29 10:30:09,181.6
2024-12-29 10:45:10,183.5
2024-12-29 11:00:10,183.2
2024-12-29 11:15:09,180.1
2024-12-29 11:30:09,179.9
2024-12-29 11:45:09,178.7
2024-12-29 12:00:11,177.8
2024-12-29 12:15:09,176.7
2024-12-29 12:30:10,176.9
2024-12-29 12:45:09,176.4
2024-12-29 13:00:12,174.2
2024-12-29 13:15:08,176.3
2024-12-29 13:30:09,174.3
2024-12-29 13:45:10,176.1
2024-12-29 14:00:13,173.0
2024-12-29 14:15:10,172.9
2024-12-29 14:30:09,173.4
2024-12-29 14:45:09,172.9
2024-12-29 15:00:11,172.6
2024-12-29 15:15:10,172.9
2024-12-29 15:30:09,171.4
2024-12-29 15:45:10,174.7
2024-12-29 16:00:12,173.8
2024-12-29 16:15:10,175.5
2024-12-29 16:30:11,175.1
2024-12-29 16:45:08,176.3
2024-12-29 17:00:09,176.9
2024-12-29 17:15:08,179.2
2024-12-29 17:30:08,181.8
2024-12-29 17:45:08,186.2
2024-12-29 18:00:13,191.2
2024-12-29 18:15:11,191.9
2024-12-29 18:30:11,191.5
2024-12-29 18:45:10,191.8
2024-12-29 19:00:11,192.3
2024-12-29 19:15:10,189.6
2024-12-29 19:30:11,189.5
2024-12-29 19:45:09,191.0
2024-12-29 20:00:10,193.2
2024-12-29 20:15:09,191.2
2024-12-29 20:30:09,191.5
2024-12-29 20:45:09,190.1
2024-12-29 21:00:11,190.5
2024-12-29 21:15:10,188.5
2024-12-29 21:30:10,187.9
2024-12-29 21:45:10,186.8
2024-12-29 22:00:12,184.6
2024-12-29 22:15:09,181.1
2024-12-29 22:30:09,180.4
2024-12-29 22:45:10,177.9
2024-12-29 23:00:12,177.0
2024-12-29 23:15:10,173.7
2024-12-29 23:30:10,172.3
2024-12-29 23:45:09,169.3
2024-12-30 00:00:14,167.8
2024-12-30 00:15:11,165.3
2024-12-30 00:30:11,162.7
2024-12-30 00:45:12,162.3
2024-12-30 01:00:14,159.7
2024-12-30 01:15:10,159.6
2024-12-30 01:30:11,157.0
2024-12-30 01:45:11,154.2
2024-12-30 02:00:14,154.9
2024-12-30 02:15:11,153.2
2024-12-30 02:30:10,153.2
2024-12-30 02:45:10,151.9
2024-12-30 03:00:13,151.6
2024-12-30 03:15:11,152.3
2024-12-30 03:30:10,151.0
2024-12-30 03:45:09,151.9
2024-12-30 04:00:13,152.1
2024-12-30 04:15:09,153.5
2024-12-30 04:30:10,154.0
2024-12-30 04:45:10,158.0
2024-12-30 05:00:11,158.5
2024-12-30 05:15:09,165.2
2024-12-30 05:30:10,165.2
2024-12-30 05:45:10,170.8
2024-12-30 06:00:12,174.2
2024-12-30 06:15:10,175.6
2024-12-30 06:30:11,178.4
2024-12-30 06:45:10,183.0
2024-12-30 07:00:11,182.5
2024-12-30 07:15:11,189.4
2024-12-30 07:30:11,190.5
2024-12-30 07:45:09,195.6
2024-12-30 08:00:12,193.6
2024-12-30 08:15:10,198.0
2024-12-30 08:30:10,195.2
2024-12-30 08:45:10,197.4
2024-12-30 09:00:13,198.3
2024-12-30 09:15:10,199.3
2024-12-30 09:30:09,201.6
2024-12-30 09:45:10,199.0
2024-12-30 10:00:14,199.2
2024-12-30 10:15:10,198.3
2024-12-30 10:30:11,197.8
2024-12-30 10:45:10,197.8
2024-12-30 11:00:12,197.1
2024-12-30 11:15:11,199.3
2024-12-30 11:30:10,196.0
2024-12-30 11:45:10,195.1
2024-12-30 12:00:12,194.6
2024-12-30 12:15:13,194.4
2024-12-30 12:30:10,194.8
2024-12-30 12:45:10,196.4
2024-12-30 13:00:12,194.2
2024-12-30 13:15:11,194.0
2024-12-30 13:30:10,194.3
2024-12-30 13:45:10,193.7
2024-12-30 14:00:14,195.7
2024-12-30 14:15:10,197.5
2024-12-30 14:30:11,198.5
2024-12-30 14:45:10,199.4
2024-12-30 15:00:12,199.2
2024-12-30 15:15:11,198.8
2024-12-30 15:30:11,200.9
2024-12-30 15:45:10,200.5
2024-12-30 16:00:12,199.2
2024-12-30 16:15:10,199.1
2024-12-30 16:30:13,199.8
2024-12-30 16:45:10,198.1
2024-12-30 17:00:12,199.5
2024-12-30 17:15:10,199.8
2024-12-30 17:30:10,200.9
2024-12-30 17:45:09,206.3
2024-12-30 18:00:11,204.5
2024-12-30 18:15:09,207.5
2024-12-30 18:30:10,206.5
2024-12-30 18:45:10,207.1
2024-12-30 19:00:11,203.7
2024-12-30 19:15:10,204.5
2024-12-30 19:30:09,204.6
2024-12-30 19:45:10,205.3
2024-12-30 20:00:12,203.8
2024-12-30 20:15:11,201.6
2024-12-30 20:30:10,201.4
2024-12-30 20:45:09,201.3
2024-12-30 21:00:10,197.8
2024-12-30 21:15:09,196.5
2024-12-30 21:30:10,195.1
2024-12-30 21:45:10,192.8
2024-12-30 22:00:13,191.7
2024-12-30 22:15:10,188.4
2024-12-30 22:30:09,185.0
2024-12-30 22:45:11,185.8
2024-12-30 23:00:11,180.9
2024-12-30 23:15:10,179.2
2024-12-30 23:30:10,173.7
2024-12-30 23:45:09,174.0
2024-12-31 00:00:13,173.5
2024-12-31 00:15:10,167.9
2024-12-31 00:30:11,165.0
2024-12-31 00:45:11,164.9
2024-12-31 01:00:15,162.9
2024-12-31 01:15:11,163.5
2024-12-31 01:30:10,160.7
2024-12-31 01:45:11,160.4
2024-12-31 02:00:14,157.6
2024-12-31 02:15:11,158.1
2024-12-31 02:30:11,155.9
2024-12-31 02:45:12,158.1
2024-12-31 03:00:12,157.1
2024-12-31 03:15:11,157.4
2024-12-31 03:30:11,156.8
2024-12-31 03:45:12,159.0
2024-12-31 04:00:14,160.0
2024-12-31 04:15:11,160.7
2024-12-31 04:30:12,161.9
2024-12-31 04:45:10,164.6
2024-12-31 05:00:12,164.7
2024-12-31 05:15:10,170.2
2024-12-31 05:30:10,170.4
2024-12-31 05:45:10,173.8
2024-12-31 06:00:13,176.8
2024-12-31 06:15:11,182.8
2024-12-31 06:30:10,185.8
2024-12-31 06:45:10,186.5
2024-12-31 07:00:11,188.7
2024-12-31 07:15:10,194.0
2024-12-31 07:30:10,194.8
2024-12-31 07:45:10,198.7
2024-12-31 08:00:11,203.9
2024-12-31 08:15:09,204.1
2024-12-31 08:30:11,207.3
2024-12-31 08:45:09,208.0
2024-12-31 09:00:12,205.1
2024-12-31 09:15:10,204.0
2024-12-31 09:30:10,206.5
2024-12-31 09:45:10,207.4
2024-12-31 10:00:11,205.0
2024-12-31 10:15:10,206.5
2024-12-31 10:30:09,206.7
2024-12-31 10:45:09,205.9
2024-12-31 11:00:09,206.7
2024-12-31 11:15:08,207.3
2024-12-31 11:30:08,206.3
2024-12-31 11:45:08,203.6
2024-12-31 12:00:10,202.0
2024-12-31 12:15:09,202.2
2024-12-31 12:30:10,200.7
2024-12-31 12:45:08,199.6
2024-12-31 13:00:10,200.3
2024-12-31 13:15:09,200.1
2024-12-31 13:30:10,198.8
2024-12-31 13:45:09,199.0
2024-12-31 14:00:12,198.1
2024-12-31 14:15:10,197.0
2024-12-31 14:30:09,196.0
2024-12-31 14:45:09,197.8
2024-12-31 15:00:11,197.3
2024-12-31 15:15:09,197.7
2024-12-31 15:30:10,198.1
2024-12-31 15:45:10,199.3
2024-12-31 16:00:13,198.8
2024-12-31 16:15:10,196.1
2024-12-31 16:30:11,200.4
2024-12-31 16:45:09,204.7
2024-12-31 17:00:11,203.0
2024-12-31 17:15:09,206.7
2024-12-31 17:30:09,208.1
2024-12-31 17:45:10,213.8
2024-12-31 18:00:13,216.4
2024-12-31 18:15:09,218.0
2024-12-31 18:30:10,218.5
2024-12-31 18:45:10,218.5
2024-12-31 19:00:11,215.5
2024-12-31 19:15:09,216.2
2024-12-31 19:30:12,216.5
2024-12-31 19:45:10,214.9
2024-12-31 20:00:11,213.6
2024-12-31 20:15:10,214.1
2024-12-31 20:30:10,213.2
2024-12-31 20:45:10,211.8
2024-12-31 21:00:11,209.9
2024-12-31 21:15:10,207.7
2024-12-31 21:30:11,208.8
2024-12-31 21:45:12,206.2
2024-12-31 22:00:14,207.6
2024-12-31 22:15:10,204.5
2024-12-31 22:30:10,202.8
2024-12-31 22:45:10,202.8
2024-12-31 23:00:12,201.0
2024-12-31 23:15:10,200.6
2024-12-31 23:30:10,198.0
2024-12-31 23:45:11,198.8
2025-01-01 00:00:13,199.9
2025-01-01 00:15:10,198.0
2025-01-01 00:30:10,197.3
2025-01-01 00:45:10,195.3
2025-01-01 01:00:14,196.9
2025-01-01 01:15:10,197.3
2025-01-01 01:30:10,197.2
2025-01-01 01:45:10,197.8
2025-01-01 02:00:12,199.2
2025-01-01 02:15:10,198.4
2025-01-01 02:30:10,196.6
2025-01-01 02:45:09,197.9
2025-01-01 03:00:12,195.1
2025-01-01 03:15:10,197.8
2025-01-01 03:30:09,197.0
2025-01-01 03:45:11,198.3
2025-01-01 04:00:12,195.5
2025-01-01 04:15:10,200.1
2025-01-01 04:30:10,202.9
2025-01-01 04:45:09,201.8
2025-01-01 05:00:12,203.5
2025-01-01 05:15:09,203.2
2025-01-01 05:30:09,205.3
2025-01-01 05:45:09,207.2
2025-01-01 06:00:13,207.8
2025-01-01 06:15:09,208.5
2025-01-01 06:30:10,209.1
2025-01-01 06:45:09,211.8
2025-01-01 07:00:11,213.9
2025-01-01 07:15:09,213.9
2025-01-01 07:30:11,215.0
2025-01-01 07:45:10,215.7
2025-01-01 08:00:11,215.5
2025-01-01 08:15:09,218.7
2025-01-01 08:30:10,219.3
2025-01-01 08:45:10,220.3
2025-01-01 09:00:10,222.1
2025-01-01 09:15:09,217.2
2025-01-01 09:30:10,216.0
2025-01-01 09:45:10,218.1
2025-01-01 10:00:11,224.6
2025-01-01 10:15:09,216.4
2025-01-01 10:30:10,217.2
2025-01-01 10:45:08,215.6
2025-01-01 11:00:10,216.3
2025-01-01 11:15:09,214.1
2025-01-01 11:30:09,212.9
2025-01-01 11:45:10,214.2
2025-01-01 12:00:11,208.6
2025-01-01 12:15:09,205.6
2025-01-01 12:30:10,206.4
2025-01-01 12:45:10,204.0
2025-01-01 13:00:11,202.8
2025-01-01 13:15:09,203.1
2025-01-01 13:30:09,199.4
2025-01-01 13:45:09,199.3
2025-01-01 14:00:11,198.2
2025-01-01 14:15:10,195.9
2025-01-01 14:30:10,194.6
2025-01-01 14:45:10,194.6
2025-01-01 15:00:11,191.7
2025-01-01 15:15:11,193.2
2025-01-01 15:30:10,192.7
2025-01-01 15:45:10,192.5
2025-01-01 16:00:11,192.0
2025-01-01 16:15:10,192.8
2025-01-01 16:30:09,196.6
2025-01-01 16:45:09,198.5
2025-01-01 17:00:12,198.8
2025-01-01 17:15:09,203.0
2025-01-01 17:30:09,206.1
2025-01-01 17:45:09,212.3
2025-01-01 18:00:13,217.7
2025-01-01 18:15:10,220.4
2025-01-01 18:30:09,221.9
2025-01-01 18:45:09,223.7
2025-01-01 19:00:11,225.1
2025-01-01 19:15:09,225.2
2025-01-01 19:30:09,227.8
2025-01-01 19:45:09,228.6
2025-01-01 20:00:11,229.1
2025-01-01 20:15:10,229.0
2025-01-01 20:30:09,229.3
2025-01-01 20:45:10,231.1
2025-01-01 21:00:11,228.5
2025-01-01 21:15:09,231.4
2025-01-01 21:30:09,229.6
2025-01-01 21:45:09,229.2
2025-01-01 22:00:13,226.0
2025-01-01 22:15:10,225.3
2025-01-01 22:30:09,221.9
2025-01-01 22:45:10,222.9
2025-01-01 23:00:11,219.7
2025-01-01 23:15:09,219.1
2025-01-01 23:30:09,215.9
2025-01-01 23:45:09,216.0
2025-01-02 00:00:11,214.5
2025-01-02 00:15:11,214.0
2025-01-02 00:30:10,212.3
2025-01-02 00:45:10,211.2
2025-01-02 01:00:13,210.6
2025-01-02 01:15:10,211.0
2025-01-02 01:30:10,210.4
2025-01-02 01:45:10,210.8
2025-01-02 02:00:12,209.2
2025-01-02 02:15:10,209.3
2025-01-02 02:30:09,208.0
2025-01-02 02:45:10,209.4
2025-01-02 03:00:13,208.5
2025-01-02 03:15:11,211.9
2025-01-02 03:30:09,211.2
2025-01-02 03:45:10,212.6
2025-01-02 04:00:12,214.7
2025-01-02 04:15:11,214.9
2025-01-02 04:30:11,221.3
2025-01-02 04:45:09,221.2
2025-01-02 05:00:12,226.3
2025-01-02 05:15:10,230.1
2025-01-02 05:30:10,230.9
2025-01-02 05:45:10,239.0
2025-01-02 06:00:13,242.1
2025-01-02 06:15:09,250.3
2025-01-02 06:30:10,253.4
2025-01-02 06:45:09,257.7
2025-01-02 07:00:11,261.4
2025-01-02 07:15:09,261.0
2025-01-02 07:30:09,264.6
2025-01-02 07:45:09,262.7
2025-01-02 08:00:11,264.6
2025-01-02 08:15:09,264.2
2025-01-02 08:30:10,265.6
2025-01-02 08:45:11,262.5
2025-01-02 09:00:11,258.3
2025-01-02 09:15:09,261.2
2025-01-02 09:30:10,255.8
2025-01-02 09:45:10,255.5
2025-01-02 10:00:14,249.0
2025-01-02 10:15:09,247.6
2025-01-02 10:30:09,241.3
2025-01-02 10:45:09,241.8
2025-01-02 11:00:10,245.1
2025-01-02 11:15:10,237.5
2025-01-02 11:30:10,232.0
2025-01-02 11:45:10,229.7
2025-01-02 12:00:12,228.7
2025-01-02 12:15:10,226.5
2025-01-02 12:30:10,221.2
2025-01-02 12:45:09,222.4
2025-01-02 13:00:12,218.9
2025-01-02 13:15:12,218.2
2025-01-02 13:30:09,219.3
2025-01-02 13:45:09,217.3
2025-01-02 14:00:12,215.7
2025-01-02 14:15:11,215.3
2025-01-02 14:30:09,214.4
2025-01-02 14:45:09,215.1
2025-01-02 15:00:12,216.7
2025-01-02 15:15:10,219.0
2025-01-02 15:30:10,218.8
2025-01-02 15:45:10,215.8
2025-01-02 16:00:11,218.1
2025-01-02 16:15:08,213.9
2025-01-02 16:30:10,217.2
2025-01-02 16:45:08,218.1
2025-01-02 17:00:10,218.5
2025-01-02 17:15:08,221.8
2025-01-02 17:30:09,224.2
2025-01-02 17:45:09,229.1
2025-01-02 18:00:12,234.1
2025-01-02 18:15:10,233.5
2025-01-02 18:30:09,236.1
2025-01-02 18:45:09,236.3
2025-01-02 19:00:11,235.5
2025-01-02 19:15:09,235.6
2025-01-02 19:30:10,237.0
2025-01-02 19:45:10,237.5
2025-01-02 20:00:11,234.8
2025-01-02 20:15:11,236.9
2025-01-02 20:30:11,236.0
2025-01-02 20:45:09,236.4
2025-01-02 21:00:11,233.8
2025-01-02 21:15:10,234.5
2025-01-02 21:30:11,231.9
2025-01-02 21:45:09,232.0
2025-01-02 22:00:13,227.3
2025-01-02 22:15:11,226.0
2025-01-02 22:30:10,224.0
2025-01-02 22:45:10,223.0
2025-01-02 23:00:12,218.6
2025-01-02 23:15:09,217.5
2025-01-02 23:30:10,215.1
2025-01-02 23:45:11,215.2
2025-01-03 00:00:12,211.2
2025-01-03 00:15:11,210.1
2025-01-03 00:30:11,208.2
2025-01-03 00:45:11,209.5
2025-01-03 01:00:17,204.5
2025-01-03 01:15:11,203.7
2025-01-03 01:30:12,204.1
2025-01-03 01:45:11,203.6
2025-01-03 02:00:13,199.5
2025-01-03 02:15:11,199.7
2025-01-03 02:30:11,201.8
2025-01-03 02:45:10,201.7
2025-01-03 03:00:13,200.4
2025-01-03 03:15:10,203.2
2025-01-03 03:30:11,202.9
2025-01-03 03:45:13,203.4
2025-01-03 04:00:12,201.8
2025-01-03 04:15:10,206.7
2025-01-03 04:30:13,207.7
2025-01-03 04:45:12,209.9
2025-01-03 05:00:12,215.0
2025-01-03 05:15:11,215.7
2025-01-03 05:30:10,221.4
2025-01-03 05:45:09,223.3
2025-01-03 06:00:13,225.6
2025-01-03 06:15:09,231.5
2025-01-03 06:30:10,236.2
2025-01-03 06:45:09,239.4
2025-01-03 07:00:11,241.3
2025-01-03 07:15:09,246.0
2025-01-03 07:30:10,246.7
2025-01-03 07:45:09,245.6
2025-01-03 08:00:12,247.3
2025-01-03 08:15:10,249.3
2025-01-03 08:30:10,246.8
2025-01-03 08:45:09,246.7
2025-01-03 09:00:11,243.0
2025-01-03 09:15:09,241.5
2025-01-03 09:30:10,238.3
2025-01-03 09:45:09,236.2
2025-01-03 10:00:12,234.5
2025-01-03 10:15:10,231.0
2025-01-03 10:30:09,228.0
2025-01-03 10:45:10,227.5
2025-01-03 11:00:11,225.3
2025-01-03 11:15:08,222.9
2025-01-03 11:30:10,220.8
2025-01-03 11:45:11,217.9
2025-01-03 12:00:11,216.9
2025-01-03 12:15:09,216.1
2025-01-03 12:30:09,214.4
2025-01-03 12:45:09,213.4
2025-01-03 13:00:11,212.8
2025-01-03 13:15:09,209.8
2025-01-03 13:30:10,210.4
2025-01-03 13:45:09,208.0
2025-01-03 14:00:12,205.0
2025-01-03 14:15:10,203.0
2025-01-03 14:30:10,203.7
2025-01-03 14:45:09,206.0
2025-01-03 15:00:11,204.5
2025-01-03 15:15:09,202.2
2025-01-03 15:30:10,204.3
2025-01-03 15:45:09,203.8
2025-01-03 16:00:11,202.1
2025-01-03 16:15:09,201.5
2025-01-03 16:30:13,201.8
2025-01-03 16:45:09,202.5
2025-01-03 17:00:11,203.4
2025-01-03 17:15:10,207.1
2025-01-03 17:30:09,209.3
2025-01-03 17:45:09,214.1
2025-01-03 18:00:12,214.8
2025-01-03 18:15:08,216.0
2025-01-03 18:30:08,213.4
2025-01-03 18:45:09,213.4
2025-01-03 19:00:11,212.7
2025-01-03 19:15:08,211.1
2025-01-03 19:30:08,210.9
2025-01-03 19:45:10,210.8
2025-01-03 20:00:10,211.5
2025-01-03 20:15:09,209.5
2025-01-03 20:30:09,208.5
2025-01-03 20:45:09,209.3
2025-01-03 21:00:10,205.5
2025-01-03 21:15:09,204.4
2025-01-03 21:30:10,203.1
2025-01-03 21:45:11,201.2
2025-01-03 22:00:12,199.4
2025-01-03 22:15:09,197.1
2025-01-03 22:30:09,194.4
2025-01-03 22:45:09,193.8
2025-01-03 23:00:11,191.3
2025-01-03 23:15:09,188.4
2025-01-03 23:30:10,185.4
2025-01-03 23:45:10,182.0
2025-01-04 00:00:11,180.1
2025-01-04 00:15:11,179.3
2025-01-04 00:30:10,177.4
2025-01-04 00:45:10,174.7
2025-01-04 01:00:12,173.1
2025-01-04 01:15:10,172.5
2025-01-04 01:30:10,169.7
2025-01-04 01:45:10,168.6
2025-01-04 02:00:13,167.4
2025-01-04 02:15:10,166.2
2025-01-04 02:30:10,166.0
2025-01-04 02:45:09,165.4
2025-01-04 03:00:12,164.0
2025-01-04 03:15:09,164.1
2025-01-04 03:30:10,163.9
2025-01-04 03:45:11,163.1
2025-01-04 04:00:12,166.0
2025-01-04 04:15:10,164.1
2025-01-04 04:30:13,166.2
2025-01-04 04:45:10,167.0
2025-01-04 05:00:13,168.9
2025-01-04 05:15:10,170.4
2025-01-04 05:30:09,170.0
2025-01-04 05:45:09,171.1
2025-01-04 06:00:12,170.7
2025-01-04 06:15:10,173.6
2025-01-04 06:30:10,173.3
2025-01-04 06:45:10,176.5
2025-01-04 07:00:11,176.3
2025-01-04 07:15:10,179.4
2025-01-04 07:30:10,180.9
2025-01-04 07:45:10,182.0
2025-01-04 08:00:13,183.9
2025-01-04 08:15:10,187.4
2025-01-04 08:30:10,188.0
2025-01-04 08:45:10,189.7
2025-01-04 09:00:11,195.7
2025-01-04 09:15:10,197.2
2025-01-04 09:30:10,198.4
2025-01-04 09:45:10,200.4
2025-01-04 10:00:12,200.5
2025-01-04 10:15:11,201.4
2025-01-04 10:30:10,203.4
2025-01-04 10:45:11,201.7
2025-01-04 11:00:12,201.6
2025-01-04 11:15:09,201.2
2025-01-04 11:30:10,202.0
2025-01-04 11:45:12,201.3
2025-01-04 12:00:13,200.6
2025-01-04 12:15:11,199.3
2025-01-04 12:30:11,201.4
2025-01-04 12:45:10,197.0
2025-01-04 13:00:12,195.2
2025-01-04 13:15:10,192.2
2025-01-04 13:30:11,192.1
2025-01-04 13:45:11,192.3
2025-01-04 14:00:12,191.1
2025-01-04 14:15:10,192.4
2025-01-04 14:30:11,192.4
2025-01-04 14:45:11,193.2
2025-01-04 15:00:13,190.6
2025-01-04 15:15:10,190.4
2025-01-04 15:30:11,192.5
2025-01-04 15:45:11,191.6
2025-01-04 16:00:12,190.4
2025-01-04 16:15:12,190.3
2025-01-04 16:30:10,192.5
2025-01-04 16:45:11,193.9
2025-01-04 17:00:12,192.6
2025-01-04 17:15:10,195.6
2025-01-04 17:30:11,199.4
2025-01-04 17:45:10,201.6
2025-01-04 18:00:14,199.7
2025-01-04 18:15:13,202.3
2025-01-04 18:30:10,201.8
2025-01-04 18:45:11,201.3
2025-01-04 19:00:11,200.8
2025-01-04 19:15:11,200.2
2025-01-04 19:30:10,199.8
2025-01-04 19:45:10,199.4
2025-01-04 20:00:12,196.1
2025-01-04 20:15:10,195.9
2025-01-04 20:30:10,195.0
2025-01-04 20:45:10,193.3
2025-01-04 21:00:12,195.4
2025-01-04 21:15:10,193.8
2025-01-04 21:30:11,192.6
2025-01-04 21:45:10,189.8
2025-01-04 22:00:12,187.5
2025-01-04 22:15:11,184.7
2025-01-04 22:30:09,184.3
2025-01-04 22:45:10,182.8
2025-01-04 23:00:11,180.8
2025-01-04 23:15:10,181.1
2025-01-04 23:30:10,174.5
2025-01-04 23:45:09,171.4
2025-01-05 00:00:14,169.3
2025-01-05 00:15:11,166.5
2025-01-05 00:30:10,164.1
2025-01-05 00:45:11,161.2
2025-01-05 01:00:14,158.9
2025-01-05 01:15:10,157.1
2025-01-05 01:30:10,157.1
2025-01-05 01:45:11,153.7
2025-01-05 02:00:12,151.7
2025-01-05 02:15:10,150.4
2025-01-05 02:30:10,148.7
2025-01-05 02:45:09,147.5
2025-01-05 03:00:11,147.7
2025-01-05 03:15:10,146.6
2025-01-05 03:30:10,144.7
2025-01-05 03:45:12,145.3
2025-01-05 04:00:14,143.6
2025-01-05 04:15:11,144.5
2025-01-05 04:30:12,144.4
2025-01-05 04:45:10,144.3
2025-01-05 05:00:12,143.5
2025-01-05 05:15:10,146.0
2025-01-05 05:30:11,146.0
2025-01-05 05:45:11,145.8
2025-01-05 06:00:14,146.0
2025-01-05 06:15:11,147.1
2025-01-05 06:30:09,147.7
2025-01-05 06:45:09,153.0
2025-01-05 07:00:11,148.8
2025-01-05 07:15:10,152.7
2025-01-05 07:30:10,154.5
2025-01-05 07:45:10,156.3
2025-01-05 08:00:12,153.9
2025-01-05 08:15:10,158.0
2025-01-05 08:30:09,163.7
2025-01-05 08:45:11,171.2
2025-01-05 09:00:12,174.4
2025-01-05 09:15:10,179.6
2025-01-05 09:30:10,182.1
2025-01-05 09:45:10,185.2
2025-01-05 10:00:13,189.5
2025-01-05 10:15:10,193.7
2025-01-05 10:30:10,193.6
2025-01-05 10:45:09,196.4
2025-01-05 11:00:12,199.5
2025-01-05 11:15:10,201.4
2025-01-05 11:30:10,204.7
2025-01-05 11:45:10,204.2
2025-01-05 12:00:11,205.7
2025-01-05 12:15:09,205.6
2025-01-05 12:30:09,207.7
2025-01-05 12:45:10,210.1
2025-01-05 13:00:11,211.1
2025-01-05 13:15:10,213.9
2025-01-05 13:30:11,217.4
2025-01-05 13:45:09,216.9
2025-01-05 14:00:14,217.8
2025-01-05 14:15:11,216.8
2025-01-05 14:30:10,218.5
2025-01-05 14:45:10,219.9
2025-01-05 15:00:13,220.8
2025-01-05 15:15:11,223.4
2025-01-05 15:30:11,225.1
2025-01-05 15:45:09,228.4
2025-01-05 16:00:12,231.4
2025-01-05 16:15:11,235.0
2025-01-05 16:30:12,239.2
2025-01-05 16:45:11,244.6
2025-01-05 17:00:13,248.1
2025-01-05 17:15:10,259.7
2025-01-05 17:30:09,267.4
2025-01-05 17:45:10,277.3
2025-01-05 18:00:12,289.2
2025-01-05 18:15:11,292.5
2025-01-05 18:30:11,297.9
2025-01-05 18:45:11,300.9
2025-01-05 19:00:11,305.1
2025-01-05 19:15:11,310.1
2025-01-05 19:30:10,314.5
2025-01-05 19:45:10,315.6
2025-01-05 20:00:12,319.3
2025-01-05 20:15:10,319.8
2025-01-05 20:30:11,322.7
2025-01-05 20:45:10,325.3
2025-01-05 21:00:12,323.9
2025-01-05 21:15:10,323.9
2025-01-05 21:30:10,323.6
2025-01-05 21:45:12,322.4
2025-01-05 22:00:13,320.7
2025-01-05 22:15:11,319.3
2025-01-05 22:30:10,318.2
2025-01-05 22:45:10,316.4
2025-01-05 23:00:12,314.3
2025-01-05 23:15:10,313.3
2025-01-05 23:30:11,309.5
2025-01-05 23:45:11,307.8
2025-01-06 00:00:15,305.0
2025-01-06 00:15:11,303.4
2025-01-06 00:30:11,301.4
2025-01-06 00:45:11,300.4
2025-01-06 01:00:15,299.8
2025-01-06 01:15:11,299.5
2025-01-06 01:30:12,299.7
2025-01-06 01:45:11,299.5
2025-01-06 02:00:14,298.4
2025-01-06 02:15:13,300.8
2025-01-06 02:30:10,301.2
2025-01-06 02:45:11,300.1
2025-01-06 03:00:13,300.3
2025-01-06 03:15:11,302.3
2025-01-06 03:30:11,303.1
2025-01-06 03:45:13,305.1
2025-01-06 04:00:14,306.9
2025-01-06 04:15:11,310.4
2025-01-06 04:30:13,312.7
2025-01-06 04:45:12,316.5
2025-01-06 05:00:13,318.8
2025-01-06 05:15:11,324.9
2025-01-06 05:30:10,331.3
2025-01-06 05:45:11,333.6
2025-01-06 06:00:13,338.7
2025-01-06 06:15:12,345.1
2025-01-06 06:30:11,350.2
2025-01-06 06:45:11,354.6
2025-01-06 07:00:12,359.2
2025-01-06 07:15:11,361.3
2025-01-06 07:30:11,364.2
2025-01-06 07:45:10,366.0
2025-01-06 08:00:13,368.4
2025-01-06 08:15:11,369.5
2025-01-06 08:30:11,368.8
2025-01-06 08:45:11,366.5
2025-01-06 09:00:12,366.5
2025-01-06 09:15:10,365.5
2025-01-06 09:30:11,364.6
2025-01-06 09:45:11,361.8
2025-01-06 10:00:12,362.6
2025-01-06 10:15:10,353.6
2025-01-06 10:30:11,351.0
2025-01-06 10:45:11,347.8
2025-01-06 11:00:12,348.7
2025-01-06 11:15:11,344.6
2025-01-06 11:30:11,340.4
2025-01-06 11:45:11,339.9
2025-01-06 12:00:12,331.6
2025-01-06 12:15:11,328.0
2025-01-06 12:30:10,325.1
2025-01-06 12:45:10,322.9
2025-01-06 13:00:12,322.9
2025-01-06 13:15:10,318.2
2025-01-06 13:30:11,314.9
2025-01-06 13:45:11,312.6
2025-01-06 14:00:11,308.3
2025-01-06 14:15:10,306.5
2025-01-06 14:30:11,306.3
2025-01-06 14:45:10,301.0
2025-01-06 15:00:14,301.3
2025-01-06 15:15:12,297.3
2025-01-06 15:30:11,298.7
2025-01-06 15:45:11,296.9
2025-01-06 16:00:11,297.2
2025-01-06 16:15:09,299.1
2025-01-06 16:30:11,298.6
2025-01-06 16:45:09,300.9
2025-01-06 17:00:13,299.1
2025-01-06 17:15:11,311.3
2025-01-06 17:30:10,315.0
2025-01-06 17:45:09,316.9
2025-01-06 18:00:12,326.8
2025-01-06 18:15:12,329.6
2025-01-06 18:30:09,330.2
2025-01-06 18:45:09,330.3
2025-01-06 19:00:11,328.9
2025-01-06 19:15:10,331.2
2025-01-06 19:30:11,329.6
2025-01-06 19:45:09,331.2
2025-01-06 20:00:12,329.8
2025-01-06 20:15:10,326.4
2025-01-06 20:30:10,326.2
2025-01-06 20:45:10,327.0
2025-01-06 21:00:12,327.5
2025-01-06 21:15:10,328.6
2025-01-06 21:30:11,329.4
2025-01-06 21:45:10,327.3
2025-01-06 22:00:13,323.7
2025-01-06 22:15:11,333.0
2025-01-06 22:30:09,332.7
2025-01-06 22:45:09,334.4
2025-01-06 23:00:12,329.6
2025-01-06 23:15:10,324.8
2025-01-06 23:30:10,330.5
2025-01-06 23:45:10,333.2
2025-01-07 00:00:14,334.5
2025-01-07 00:15:10,327.1
2025-01-07 00:30:11,324.2
2025-01-07 00:45:11,326.1
2025-01-07 01:00:19,327.2
2025-01-07 01:15:10,324.9
2025-01-07 01:30:11,326.5
2025-01-07 01:45:10,327.2
2025-01-07 02:00:16,331.6
2025-01-07 02:15:11,328.9
2025-01-07 02:30:11,326.6
2025-01-07 02:45:10,325.1
2025-01-07 03:00:12,325.0
2025-01-07 03:15:10,324.3
2025-01-07 03:30:11,326.1
2025-01-07 03:45:12,324.3
2025-01-07 04:00:13,325.9
2025-01-07 04:15:10,324.7
2025-01-07 04:30:12,326.7
2025-01-07 04:45:10,325.6
2025-01-07 05:00:13,328.6
2025-01-07 05:15:10,330.2
2025-01-07 05:30:10,329.8
2025-01-07 05:45:10,332.2
2025-01-07 06:00:11,334.8
2025-01-07 06:15:10,333.1
2025-01-07 06:30:10,340.2
2025-01-07 06:45:11,338.1
2025-01-07 07:00:12,339.6
2025-01-07 07:15:10,340.7
2025-01-07 07:30:11,337.0
2025-01-07 07:45:11,337.8
2025-01-07 08:00:17,328.2
2025-01-07 08:15:10,325.9
2025-01-07 08:30:11,333.6
2025-01-07 08:45:10,337.3
2025-01-07 09:00:12,342.2
2025-01-07 09:15:11,347.4
2025-01-07 09:30:11,351.9
2025-01-07 09:45:11,354.5
2025-01-07 10:00:12,355.8
2025-01-07 10:15:10,348.0
2025-01-07 10:30:11,348.2
2025-01-07 10:45:11,347.3
2025-01-07 11:00:12,345.4
2025-01-07 11:15:10,350.5
2025-01-07 11:30:10,332.6
2025-01-07 12:00:11,319.7
2025-01-07 12:15:09,316.4
2025-01-07 12:30:10,312.1
2025-01-07 12:45:09,308.9
2025-01-07 13:00:11,303.9
2025-01-07 13:15:09,300.1
2025-01-07 13:30:09,301.3
2025-01-07 13:45:10,301.5
2025-01-07 14:00:11,299.5
2025-01-07 14:15:09,294.3
2025-01-07 14:30:10,292.7
2025-01-07 14:45:11,289.4
2025-01-07 15:00:11,287.0
2025-01-07 15:15:09,285.1
2025-01-07 15:30:10,285.3
2025-01-07 15:45:09,288.1
2025-01-07 16:00:14,292.9
2025-01-07 16:15:09,288.4
2025-01-07 16:30:10,293.1
2025-01-07 16:45:09,294.9
2025-01-07 17:00:11,298.1
2025-01-07 17:15:10,301.1
2025-01-07 17:30:09,311.0
2025-01-07 17:45:08,317.3
2025-01-07 18:00:13,323.1
2025-01-07 18:15:09,328.0
2025-01-07 18:30:09,332.1
2025-01-07 18:45:09,333.1
2025-01-07 19:00:11,332.8
2025-01-07 19:15:09,332.7
2025-01-07 19:30:09,333.1
2025-01-07 19:45:09,334.0
2025-01-07 20:00:11,333.0
2025-01-07 20:15:10,333.9
2025-01-07 20:30:10,336.3
2025-01-07 20:45:09,332.9
2025-01-07 21:00:11,328.4
2025-01-07 21:15:09,328.3
2025-01-07 21:30:16,327.6
2025-01-07 21:45:10,325.3
2025-01-07 22:00:13,322.7
2025-01-07 22:15:09,318.9
2025-01-07 22:30:09,315.3
2025-01-07 22:45:09,312.5
2025-01-07 23:00:12,309.5
2025-01-07 23:15:09,308.6
2025-01-07 23:30:10,302.1
2025-01-07 23:45:09,302.0
2025-01-08 00:00:22,298.9
2025-01-08 00:15:10,298.1
2025-01-08 00:30:10,299.8
2025-01-08 00:45:12,296.9
2025-01-08 01:00:13,295.3
2025-01-08 01:15:10,295.0
2025-01-08 01:30:10,294.2
2025-01-08 01:45:09,293.0
2025-01-08 02:00:13,292.5
2025-01-08 02:15:12,292.9
2025-01-08 02:30:09,294.1
2025-01-08 02:45:09,294.0
2025-01-08 03:00:12,292.9
2025-01-08 03:15:11,294.3
2025-01-08 03:30:09,297.1
2025-01-08 03:45:11,298.3
2025-01-08 04:00:13,300.9
2025-01-08 04:15:11,301.5
2025-01-08 04:30:12,304.2
2025-01-08 04:45:10,308.3
2025-01-08 05:00:11,310.2
2025-01-08 05:15:10,316.6
2025-01-08 05:30:11,321.3
2025-01-08 05:45:10,325.1
2025-01-08 06:00:13,327.8
2025-01-08 06:15:10,336.8
2025-01-08 06:30:10,344.6
2025-01-08 06:45:10,348.6
2025-01-08 07:00:12,353.0
2025-01-08 07:15:10,357.6
2025-01-08 07:30:10,356.0
2025-01-08 07:45:11,353.2
2025-01-08 08:00:11,355.6
2025-01-08 08:15:11,354.6
2025-01-08 08:30:11,352.1
2025-01-08 08:45:10,349.7
2025-01-08 09:00:13,350.9
2025-01-08 09:15:10,349.7
2025-01-08 09:30:11,349.3
2025-01-08 09:45:11,350.9
2025-01-08 10:00:13,352.9
2025-01-08 10:15:10,349.9
2025-01-08 10:30:10,348.3
2025-01-08 10:45:11,345.3
2025-01-08 11:00:12,340.8
2025-01-08 11:15:11,339.9
2025-01-08 11:30:12,336.1
2025-01-08 11:45:10,329.3
2025-01-08 12:00:12,323.2
2025-01-08 12:15:10,316.7
2025-01-08 12:30:10,310.5
2025-01-08 12:45:10,308.6
2025-01-08 13:00:14,304.6
2025-01-08 13:15:11,301.4
2025-01-08 13:30:10,299.0
2025-01-08 13:45:10,294.9
2025-01-08 14:00:12,293.2
2025-01-08 14:15:10,288.3
2025-01-08 14:30:11,290.4
2025-01-08 14:45:11,289.0
2025-01-08 15:00:12,284.4
2025-01-08 15:15:10,282.5
2025-01-08 15:30:10,283.1
2025-01-08 15:45:10,278.4
2025-01-08 16:00:12,281.9
2025-01-08 16:15:10,285.1
2025-01-08 16:30:10,289.2
2025-01-08 16:45:10,289.2
2025-01-08 17:00:13,292.9
2025-01-08 17:15:11,301.6
2025-01-08 17:30:10,304.2
2025-01-08 17:45:11,310.8
2025-01-08 18:00:14,315.2
2025-01-08 18:15:10,316.7
2025-01-08 18:30:10,323.1
2025-01-08 18:45:11,324.9
2025-01-08 19:00:12,322.9
2025-01-08 19:15:11,324.0
2025-01-08 19:30:10,322.4
2025-01-08 19:45:10,325.7
2025-01-08 20:00:12,323.7
2025-01-08 20:15:10,324.5
2025-01-08 20:30:10,325.7
2025-01-08 20:45:11,326.7
2025-01-08 21:00:13,323.2
2025-01-08 21:15:11,322.9
2025-01-08 21:30:10,322.3
2025-01-08 21:45:11,321.9
2025-01-08 22:00:12,318.6
2025-01-08 22:15:11,315.4
2025-01-08 22:30:10,312.1
2025-01-08 22:45:10,314.4
2025-01-08 23:00:12,311.4
2025-01-08 23:15:11,309.0
2025-01-08 23:30:09,304.2
2025-01-08 23:45:11,302.1
2025-01-09 00:00:15,298.3
2025-01-09 00:15:11,297.2
2025-01-09 00:30:11,292.8
2025-01-09 00:45:11,291.1
2025-01-09 01:00:16,291.7
2025-01-09 01:15:11,291.1
2025-01-09 01:30:11,287.7
2025-01-09 01:45:11,285.3
2025-01-09 02:00:18,284.4
2025-01-09 02:15:11,283.0
2025-01-09 02:30:11,280.0
2025-01-09 02:45:10,277.9
2025-01-09 03:00:12,277.7
2025-01-09 03:15:11,276.8
2025-01-09 03:30:09,274.3
2025-01-09 03:45:10,276.2
2025-01-09 04:00:13,274.9
2025-01-09 04:15:11,275.1
2025-01-09 04:30:10,277.1
2025-01-09 04:45:11,277.0
2025-01-09 05:00:13,277.9
2025-01-09 05:15:10,280.7
2025-01-09 05:30:10,282.1
2025-01-09 05:45:09,285.1
2025-01-09 06:00:11,285.8
2025-01-09 06:15:11,286.4
2025-01-09 06:30:10,288.1
2025-01-09 06:45:10,290.1
2025-01-09 07:00:12,294.1
2025-01-09 07:15:10,296.0
2025-01-09 07:30:10,297.6
2025-01-09 07:45:09,297.4
2025-01-09 08:00:11,303.2
2025-01-09 08:15:10,306.4
2025-01-09 08:30:09,309.1
2025-01-09 08:45:11,313.3
2025-01-09 09:00:11,319.2
2025-01-09 09:15:13,318.6
2025-01-09 09:30:10,324.5
2025-01-09 09:45:11,326.8
2025-01-09 10:00:12,325.7
2025-01-09 10:15:09,327.0
2025-01-09 10:30:10,328.6
2025-01-09 10:45:11,331.4
2025-01-09 11:00:12,332.7
2025-01-09 11:15:09,331.9
2025-01-09 11:30:10,333.3
2025-01-09 11:45:09,335.1
2025-01-09 12:00:13,332.2
2025-01-09 12:15:10,338.4
2025-01-09 12:30:09,339.6
2025-01-09 12:45:10,337.3
2025-01-09 13:00:12,335.4
2025-01-09 13:15:09,334.0
2025-01-09 13:30:09,330.9
2025-01-09 13:45:10,331.0
2025-01-09 14:00:10,329.8
2025-01-09 14:15:11,330.9
2025-01-09 14:30:10,330.4
2025-01-09 14:45:11,330.4
2025-01-09 15:00:12,326.9
2025-01-09 15:15:11,326.3
2025-01-09 15:30:10,327.8
2025-01-09 15:45:10,331.0
2025-01-09 16:00:14,328.6
2025-01-09 16:15:11,327.6
2025-01-09 16:30:11,327.9
2025-01-09 16:45:10,329.7
2025-01-09 17:00:14,330.7
2025-01-09 17:15:11,332.2
2025-01-09 17:30:10,334.9
2025-01-09 17:45:11,333.8
2025-01-09 18:00:13,331.1
2025-01-09 18:15:11,332.0
2025-01-09 18:30:10,329.9
2025-01-09 18:45:10,327.2
2025-01-09 19:00:12,324.0
2025-01-09 19:15:10,323.8
2025-01-09 19:30:10,322.6
2025-01-09 19:45:10,321.9
2025-01-09 20:00:13,320.8
2025-01-09 20:15:11,317.9
2025-01-09 20:30:11,318.9
2025-01-09 20:45:10,316.7
2025-01-09 21:00:11,312.9
2025-01-09 21:15:12,312.6
2025-01-09 21:30:11,309.4
2025-01-09 21:45:11,308.4
2025-01-09 22:00:15,303.1
2025-01-09 22:15:10,298.1
2025-01-09 22:30:11,302.2
2025-01-09 22:45:10,298.1
2025-01-09 23:00:12,294.0
2025-01-09 23:15:11,293.0
2025-01-09 23:30:09,292.2
2025-01-09 23:45:10,288.5
2025-01-10 00:00:12,286.2
2025-01-10 00:15:10,287.9
2025-01-10 00:30:10,282.1
2025-01-10 00:45:10,282.4
2025-01-10 01:00:14,281.3
2025-01-10 01:15:10,279.9
2025-01-10 01:30:10,278.4
2025-01-10 01:45:10,269.7
2025-01-10 02:00:13,269.5
2025-01-10 02:15:11,270.1
2025-01-10 02:30:10,267.8
2025-01-10 02:45:10,268.5
2025-01-10 03:00:13,266.7
2025-01-10 03:15:11,268.0
2025-01-10 03:30:11,267.8
2025-01-10 03:45:12,266.3
2025-01-10 04:00:13,266.6
2025-01-10 04:15:10,268.4
2025-01-10 04:30:13,269.5
2025-01-10 04:45:10,274.0
2025-01-10 05:00:13,271.9
2025-01-10 05:15:10,276.7
2025-01-10 05:30:10,275.7
2025-01-10 05:45:09,279.6
2025-01-10 06:00:12,284.9
2025-01-10 06:15:10,281.3
2025-01-10 06:30:11,285.2
2025-01-10 06:45:11,286.0
2025-01-10 07:00:13,289.1
2025-01-10 07:15:10,293.2
2025-01-10 07:30:10,290.9
2025-01-10 07:45:11,295.4
2025-01-10 08:00:12,299.7
2025-01-10 08:15:11,303.1
2025-01-10 08:30:11,307.1
2025-01-10 08:45:11,310.4
2025-01-10 09:00:13,315.1
2025-01-10 09:15:11,312.3
2025-01-10 09:30:11,315.2
2025-01-10 09:45:11,318.7
2025-01-10 10:00:13,321.3
2025-01-10 10:15:11,321.6
2025-01-10 10:30:11,324.0
2025-01-10 10:45:11,323.7
2025-01-10 11:00:18,323.5
2025-01-10 11:15:11,323.9
2025-01-10 11:30:11,324.6
2025-01-10 11:45:12,322.6
2025-01-10 12:00:14,324.7
2025-01-10 12:15:11,323.7
2025-01-10 12:30:11,320.7
2025-01-10 12:45:11,319.7
2025-01-10 13:00:13,322.5
2025-01-10 13:15:11,321.7
2025-01-10 13:30:13,321.5
2025-01-10 13:45:11,320.8
2025-01-10 14:00:13,320.3
2025-01-10 14:15:12,319.7
2025-01-10 14:30:12,319.8
2025-01-10 14:45:12,318.2
2025-01-10 15:00:13,313.1
2025-01-10 15:15:10,315.2
2025-01-10 15:30:12,312.9
2025-01-10 15:45:11,315.3
2025-01-10 16:00:12,316.4
2025-01-10 16:15:11,316.2
2025-01-10 16:30:13,309.4
2025-01-10 16:45:12,311.7
2025-01-10 17:00:12,309.3
2025-01-10 17:15:10,313.8
2025-01-10 17:30:10,315.4
2025-01-10 17:45:09,318.5
2025-01-10 18:00:13,320.3
2025-01-10 18:15:09,322.8
2025-01-10 18:30:09,323.9
2025-01-10 18:45:10,321.2
2025-01-10 19:00:11,320.2
2025-01-10 19:15:10,317.1
2025-01-10 19:30:11,319.3
2025-01-10 19:45:11,319.6
2025-01-10 20:00:11,316.3
2025-01-10 20:15:10,316.7
2025-01-10 20:30:09,319.9
2025-01-10 20:45:10,320.2
2025-01-10 21:00:11,317.4
2025-01-10 21:15:11,316.2
2025-01-10 21:30:10,317.3
2025-01-10 21:45:10,313.4
2025-01-10 22:00:14,308.0
2025-01-10 22:15:09,307.2
2025-01-10 22:30:10,305.8
2025-01-10 22:45:11,301.6
2025-01-10 23:00:14,302.6
2025-01-10 23:15:11,301.0
2025-01-10 23:30:10,297.3
2025-01-10 23:45:10,298.3
