Date,Births,Marriages,Deaths
1837-09-01,76117,50830,76155
1837-12-01,90151,69853,79335
1838-03-01,115293,47252,100688
1838-06-01,123275,61088,98090
1838-09-01,116838,56412,74604
1838-12-01,114564,75644,84417
1839-03-01,125609,50160,91733
1839-06-01,132094,63995,89555
1839-09-01,122740,60074,77313
1839-12-01,122877,75691,87099
1840-03-01,136860,53483,101289
1840-06-01,131219,62873,93736
1840-09-01,121738,59197,85387
1840-12-01,122187,73688,91984
1841-03-01,136595,49650,99798
1841-06-01,136667,65347,87514
1841-09-01,129446,59440,78692
1841-12-01,129545,73454,85897
1842-03-01,142898,52307,96630
1842-06-01,141833,61267,87252
1842-09-01,128871,55634,83031
1842-12-01,130113,72578,84757
1843-03-01,142719,52035,95817
1843-06-01,136826,64295,88384
1843-09-01,133310,59856,77587
1843-12-01,138526,79541,88328
1844-03-01,154447,54061,101897
1844-06-01,144252,69732,86209
1844-09-01,134533,64757,80186
1844-12-01,138595,81673,91661
1845-03-01,157643,60957,105426
1845-06-01,139309,73603,89923
1845-09-01,138588,72147,75471
1845-12-01,136013,90962,81119
1846-03-01,154651,65589,90185
1846-06-01,161675,75707,90783
1846-09-01,142651,72204,102282
1846-12-01,144973,86765,109513
1847-03-01,151538,56563,120325
1847-06-01,148239,72353,107263
1847-09-01,129298,66440,93978
1847-12-01,130103,83720,104001
1848-03-01,141267,58543,120660
1848-06-01,151530,71167,100411
1848-09-01,142040,67894,88012
1848-12-01,134558,86746,92834
1849-03-01,155574,58576,106351
1849-06-01,155923,73853,102584
1849-09-01,142392,69713,135878
1849-12-01,136393,90567,98016
1850-03-01,149843,63198,99025
1850-06-01,163772,80200,93411
1850-09-01,151142,78580,86334
1850-12-01,148568,95812,92244
1851-03-01,158905,67718,106287
1851-06-01,161480,78833,101061
1851-09-01,152423,76068,102263
1851-12-01,150448,92748,101159
1852-03-01,168597,68225,120780
1852-06-01,168808,88806,104330
1852-09-01,156658,80191,104544
1852-12-01,158859,97012,105139
1853-03-01,166542,71899,119320
1853-06-01,160376,82495,109765
1853-09-01,148364,82021,93488
1853-12-01,145296,100669,105928
1854-03-01,162126,67689,112783
1854-06-01,175103,82729,103234
1854-09-01,156639,78404,114671
1854-12-01,148349,97805,110543
1855-03-01,167885,60021,136863
1855-06-01,167009,79666,108631
1855-09-01,155974,77096,89506
1855-12-01,150444,97293,99519
1856-03-01,171311,69140,105062
1856-06-01,185994,80575,102803
1856-09-01,161764,81344,94873
1856-12-01,159314,99812,99203
1857-03-01,172291,69462,110542
1857-06-01,172819,85789,101371
1857-09-01,163464,81158,102417
1857-12-01,162524,96298,113218
1858-03-01,173241,62306,128299
1858-06-01,170818,82690,109211
1858-09-01,165218,79345,98820
1858-12-01,159620,98479,119375
1859-03-01,183610,73683,124260
1859-06-01,179885,89216,108594
1859-09-01,173021,84731,105271
1859-12-01,179139,106643,111368
1860-03-01,185666,73719,126302
1860-06-01,176528,91321,112260
1860-09-01,169339,84932,87130
1860-12-01,164647,106650,104732
1861-03-01,175236,69404,122366
1861-06-01,187115,87778,108946
1861-09-01,174096,84330,102534
1861-12-01,169424,102173,106617
1862-03-01,184795,71131,125046
1862-06-01,190890,85540,109585
1862-09-01,175094,84643,93832
1862-12-01,174635,101491,116306
1863-03-01,188347,74212,129466
1863-06-01,191129,91805,121509
1863-09-01,174930,87615,113613
1863-12-01,179849,107811,118122
1864-03-01,194731,78869,145702
1864-06-01,190508,92326,118819
1864-09-01,182698,92674,114516
1864-12-01,178929,109781,128679
1865-03-01,195701,76293,143925
1865-06-01,194699,95143,119158
1865-09-01,183723,95121,115012
1865-12-01,180593,117935,123974
1866-03-01,200292,77161,139395
1866-06-01,193659,98841,129273
1866-09-01,180659,93803,117159
1866-12-01,186940,112279,117829
1867-03-01,195911,73817,134508
1867-06-01,201053,92455,112801
1867-09-01,191727,89325,108942
1867-12-01,184104,107600,116641
1868-03-01,199904,74327,120210
1868-06-01,203977,91888,110398
1868-09-01,193688,87987,131037
1868-12-01,193916,104102,120948
1869-03-01,204772,76359,133739
1869-06-01,189451,87211,119380
1869-09-01,191296,88981,115137
1869-12-01,191525,105354,128690
1870-03-01,207335,73783,144291
1870-06-01,204752,94693,136133
1870-09-01,193522,88999,124798
1870-12-01,191366,111017,126637
1871-03-01,210807,73652,139136
1871-06-01,202423,99525,121500
1871-09-01,194448,94941,121937
1871-12-01,194596,119484,134923
1872-03-01,210373,82867,135712
1872-06-01,210228,102885,121634
1872-09-01,203011,101373,119730
1872-12-01,208083,122621,118365
1873-03-01,216972,83441,133056
1873-06-01,207736,108218,119210
1873-09-01,205212,100510,115145
1873-12-01,204416,124339,127375
1874-03-01,215619,84250,137095
1874-06-01,218712,107544,124486
1874-09-01,211728,100008,124707
1874-12-01,213673,119207,142787
1875-03-01,215774,86128,163269
1875-06-01,215817,98285,131644
1875-09-01,212105,101204,122321
1875-12-01,211060,123000,132272
1876-03-01,231101,84227,142790
1876-06-01,227140,104107,126722
1876-09-01,217546,99685,120588
1876-12-01,216597,121197,122338
1877-03-01,231189,80281,135540
1877-06-01,224168,99384,131834
1877-09-01,214280,96849,110011
1877-12-01,222499,117383,125408
1878-03-01,222074,79200,140079
1878-06-01,230549,98383,129606
1878-09-01,223752,94388,130192
1878-12-01,220970,113277,142336
1879-03-01,227037,72800,156565
1879-06-01,221832,94508,132471
1879-09-01,219732,91432,104308
1879-12-01,215741,110301,134946
1880-03-01,223348,83771,146367
1880-06-01,234273,92997,125883
1880-09-01,220199,96977,131958
1880-12-01,209163,116000,126849
1881-03-01,226558,77002,138978
1881-06-01,226549,102234,121363
1881-09-01,217135,98850,110654
1881-12-01,218143,122596,123161
1882-03-01,224817,80745,140794
1882-06-01,228596,107462,125675
1882-09-01,221628,104014,118805
1882-12-01,218835,123082,133979
1883-03-01,233546,89768,147570
1883-06-01,230372,97843,134480
1883-09-01,215620,106440,113920
1883-12-01,216977,126434,130155
1884-03-01,225931,84791,133090
1884-06-01,232373,109484,128883
1884-09-01,227367,102404,135842
1884-12-01,226311,119061,136861
1885-03-01,233439,79564,148670
1885-06-01,223481,105952,133313
1885-09-01,219651,100698,115304
1885-12-01,222746,116286,129305
1886-03-01,232213,79603,157878
1886-06-01,232698,102543,126557
1886-09-01,225772,98677,126183
1886-12-01,219294,117938,130899
1887-03-01,220696,78824,143975
1887-06-01,227648,106826,129557
1887-09-01,224308,101036,126068
1887-12-01,219470,120705,134808
1888-03-01,225048,81718,151107
1888-06-01,225510,104924,125769
1888-09-01,215908,104717,108568
1888-12-01,218797,122454,128994
1889-03-01,221394,83263,140150
1889-06-01,228779,113263,125185
1889-09-01,221905,109343,123164
1889-12-01,218604,128626,132911
1890-03-01,226631,83292,166378
1890-06-01,221227,120251,129230
1890-09-01,221893,116092,123196
1890-12-01,204414,133669,146597
1891-03-01,231028,99715,159011
1891-06-01,241072,106670,173046
1891-09-01,226148,118815,117463
1891-12-01,222712,133665,142337
1892-03-01,221142,86988,183552
1892-06-01,233432,121512,132749
1892-09-01,229962,118337,116690
1892-12-01,217900,134406,129720
1893-03-01,232259,81665,145076
1893-06-01,236449,119555,133777
1893-09-01,230499,118774,144355
1893-12-01,220915,123651,149785
1894-03-01,229968,96791,148779
1894-06-01,221996,108224,119315
1894-09-01,216844,121611,107994
1894-12-01,225655,131687,125443
1895-03-01,240652,80277,170975
1895-06-01,234158,122909,131100
1895-09-01,233391,123654,134564
1895-12-01,217912,135462,135378
1896-03-01,223702,87745,137417
1896-06-01,232143,133660,125586
1896-09-01,229593,131596,127222
1896-12-01,234105,138579,139167
1897-03-01,236369,90510,144016
1897-06-01,227420,139334,126892
1897-09-01,234498,133519,139804
1897-12-01,227631,141064,133378
1898-03-01,232880,91428,151406
1898-06-01,233674,142179,127822
1898-09-01,236338,134627,142456
1898-12-01,225068,149103,133323
1899-03-01,232177,90059,148101
1899-06-01,240553,146668,132415
1899-09-01,232888,145782,154566
1899-12-01,227388,148814,149773
1900-03-01,241389,88875,182272
1900-06-01,236061,144782,142376
1900-09-01,233975,141411,133929
1900-12-01,221212,146553,132680
1901-03-01,232581,89156,147104
1901-06-01,235140,146468,129352
1901-09-01,237149,146470,140477
1901-12-01,231014,144942,138122
1902-03-01,232837,109559,151570
1902-06-01,239341,126892,133439
1902-09-01,243188,145283,116022
1902-12-01,231938,149929,138077
1903-03-01,236463,92684,139099
1903-06-01,242904,148494,124502
1903-09-01,243264,146364,117545
1903-12-01,231838,143302,136847
1904-03-01,242207,91307,154442
1904-06-01,240414,145547,125492
1904-09-01,239700,144715,134757
1904-12-01,230389,142590,139564
1905-03-01,239548,91936,150191
1905-06-01,238454,144142,124393
1905-09-01,237006,148077,121929
1905-12-01,221268,146004,129381
1906-03-01,239486,92769,141620
1906-06-01,239254,151951,126397
1906-09-01,236705,155099,130562
1906-12-01,227756,151294,137069
1907-03-01,231421,108367,161207
1907-06-01,240818,142191,128267
1907-09-01,232783,161236,107671
1907-12-01,221905,152213,131099
1908-03-01,242382,97127,157629
1908-06-01,246299,150291,122158
1908-09-01,239560,150494,114875
1908-12-01,221489,143404,130221
1909-03-01,231556,92202,161879
1909-06-01,239887,146228,126247
1909-09-01,231438,150373,105562
1909-12-01,222100,142090,128419
1910-03-01,223795,115129,137360
1910-06-01,237033,124446,116546
1910-09-01,229346,156047,104954
1910-12-01,215467,150117,128064
1911-03-01,226122,91393,144191
1911-06-01,228239,154293,120920
1911-09-01,225686,158418,142274
1911-12-01,211790,156026,124774
1912-03-01,225229,91091,145653
1912-06-01,220603,151962,116621
1912-09-01,221837,169813,102466
1912-12-01,215365,164545,125593
1913-03-01,219242,123836,147551
1913-06-01,230133,134268,122499
1913-09-01,228003,170334,114240
1913-12-01,214264,155166,124046
1914-03-01,219938,104006,147075
1914-06-01,228847,165370,124962
1914-09-01,229802,167091,116352
1914-12-01,210897,163102,131810
1915-03-01,224472,113020,178683
1915-06-01,216058,197681,139672
1915-09-01,199092,209403,110501
1915-12-01,185624,215319,138224
1916-03-01,197711,138783,144212
1916-06-01,212080,152184,127545
1916-09-01,201258,137329,103282
1916-12-01,186025,142284,137726
1917-03-01,181191,103630,165241
1917-06-01,175898,129928,128892
1917-09-01,165021,141564,95433
1917-12-01,156281,151177,113832
1918-03-01,165172,133244,139229
1918-06-01,173124,136258,119513
1918-09-01,171353,160991,115495
1918-12-01,164478,152736,243291
1919-03-01,147470,122271,193288
1919-06-01,151293,205625,109201
1919-09-01,177956,215619,89712
1919-12-01,226416,206286,115465
1920-03-01,274460,140447,138446
1920-06-01,252283,220195,120047
1920-09-01,233347,222915,94191
1920-12-01,211714,186899,116199
1921-03-01,212936,154464,129961
1921-06-01,228840,144757,109030
1921-09-01,218203,181370,99726
1921-12-01,202372,170289,122469
1922-03-01,211200,102769,166378
1922-06-01,204088,167932,120873
1922-09-01,199397,182075,91403
1922-12-01,179693,155514,110570
1923-03-01,196373,108620,125453
1923-06-01,199978,151988,114757
1923-09-01,193139,176890,91829
1923-12-01,181352,155978,115490
1924-03-01,188694,95795,161188
1924-06-01,190410,164964,114867
1924-09-01,189979,182429,90684
1924-12-01,174166,158838,109429
1925-03-01,179029,94085,139181
1925-06-01,190500,166472,114058
1925-09-01,185487,183548,95761
1925-12-01,170086,157154,127099
1926-03-01,177539,94269,131408
1926-06-01,184840,159156,114555
1926-09-01,178491,170441,91356
1926-12-01,167794,145481,119509
1927-03-01,171245,97834,169974
1927-06-01,175448,172909,108339
1927-09-01,168394,186996,92963
1927-12-01,157095,170331,116871
1928-03-01,172587,92956,137287
1928-06-01,175749,172788,115695
1928-09-01,170344,192465,94439
1928-12-01,160128,160759,116479
1929-03-01,164230,111730,205814
1929-06-01,173894,154408,119717
1929-09-01,168096,205397,97493
1929-12-01,154350,168871,113474
1930-03-01,162914,100225,132977
1930-06-01,174877,179898,112250
1930-09-01,170106,200755,97095
1930-12-01,159110,163072,116595
1931-03-01,164303,95709,163400
1931-06-01,168808,173925,115500
1931-09-01,165931,202714,97453
1931-12-01,151998,164661,118880
1932-03-01,156075,127544,154549
1932-06-01,169358,141013,117158
1932-09-01,160248,193704,98708
1932-12-01,144149,165669,117334
1933-03-01,152751,91075,171295
1933-06-01,158458,174670,109511
1933-09-01,152273,210585,96491
1933-12-01,133740,174268,123041
1934-03-01,153623,120524,147200
1934-06-01,161042,173578,120039
1934-09-01,153534,222979,98483
1934-12-01,146628,182565,115259
1935-03-01,150866,105742,133745
1935-06-01,160876,200253,122938
1935-09-01,160113,225291,100913
1935-12-01,145453,182398,123707
1936-03-01,152614,102763,154830
1936-06-01,162590,205129,120445
1936-09-01,160339,235347,100721
1936-12-01,148360,181621,123679
1937-03-01,149737,144807,164935
1937-06-01,168829,164283,119433
1937-09-01,163398,247983,101185
1937-12-01,147099,178316,128060
1938-03-01,159743,107761,139130
1938-06-01,168985,209192,120178
1938-09-01,162984,238789,103437
1938-12-01,148267,186862,120411
1939-03-01,158681,97370,155504
1939-06-01,169676,210742,121759
1939-09-01,166371,313978,104259
1939-12-01,145901,281214,122985
1940-03-01,159313,223921,206912
1940-06-01,172360,239583,121001
1940-09-01,154494,270789,113187
1940-12-01,141187,231208,146607
1941-03-01,151595,167320,180615
1941-06-01,152543,217034,141669
1941-09-01,152812,215012,102368
1941-12-01,150091,200628,116190
1942-03-01,163288,181938,152730
1942-06-01,173512,207869,118088
1942-09-01,174538,197827,98180
1942-12-01,164953,173540,115868
1943-03-01,178399,130721,139134
1943-06-01,187308,170459,114312
1943-09-01,176144,169450,99713
1943-12-01,167397,145047,154357
1944-03-01,191387,131467,147992
1944-06-01,207340,171237,116938
1944-09-01,191323,171852,108673
1944-12-01,185980,156945,125002
1945-03-01,186326,160377,159441
1945-06-01,183868,207258,112388
1945-09-01,176256,247468,98526
1945-12-01,172561,212950,123907
1946-03-01,189587,164837,157324
1946-06-01,213064,210983,115381
1946-09-01,222588,231317,101709
1946-12-01,230565,206597,124090
1947-03-01,251614,165560,184074
1947-06-01,245576,237858,119467
1947-09-01,226377,260402,98357
1947-12-01,202239,213793,122600
1948-03-01,210710,211042,134419
1948-06-01,212546,205585,111818
1948-09-01,200553,268664,102840
1948-12-01,187602,189322,127020
1949-03-01,194744,181267,163580
1949-06-01,200362,208783,121729
1949-09-01,191496,247867,102759
1949-12-01,176566,183944,130124
1950-03-01,187603,191260,153527
1950-06-01,189151,177003,122526
1950-09-01,177404,249662,104549
1950-12-01,167181,167703,137372
1951-03-01,183297,239252,208639
1951-06-01,189039,145782,123397
1951-09-01,175045,241093,101534
1951-12-01,160506,162217,123599
1952-03-01,180521,234956,149155
1952-06-01,181618,154071,117025
1952-09-01,174995,225127,100029
1952-12-01,164265,154760,138432
1953-03-01,178506,206117,173701
1953-06-01,187014,168724,116267
1953-09-01,180014,229081,99904
1953-12-01,164884,151745,120682
1954-03-01,180680,209933,155106
1954-06-01,182432,162625,118705
1954-09-01,174073,225830,105448
1954-12-01,163450,147690,129145
1955-03-01,175886,220921,170688
1955-06-01,178037,164182,125763
1955-09-01,173770,218309,102977
1955-12-01,164094,155873,125889
1956-03-01,185910,219608,172335
1956-06-01,189742,141540,121514
1956-09-01,180636,218823,105528
1956-12-01,169956,144335,128492
1957-03-01,191233,225994,136269
1957-06-01,192909,135330,119658
1957-09-01,187390,212103,111497
1957-12-01,181131,138747,154019
1958-03-01,198626,210787,165590
1958-06-01,198037,135932,125796
1958-09-01,188498,208428,106852
1958-12-01,186131,143068,135258
1959-03-01,200101,208389,179116
1959-06-01,207105,130397,121629
1959-09-01,195073,210210,104791
1959-12-01,181332,149853,128733
1960-03-01,207549,183184,150910
1960-06-01,208260,149838,126033
1960-09-01,207700,212206,113931
1960-12-01,198098,161157,142301
1961-03-01,215567,174608,178850
1961-06-01,219427,156926,126742
1961-09-01,216522,230395,112118
1961-12-01,198694,152545,140545
1962-03-01,234089,208489,180413
1962-06-01,230255,130535,130297
1962-09-01,222427,221267,112097
1962-12-01,209740,157591,141811
1963-03-01,237284,207711,199515
1963-06-01,235502,135541,130818
1963-09-01,230909,234797,115557
1963-12-01,214178,168903,135005
1964-03-01,235735,207058,158178
1964-06-01,245786,145922,128851
1964-09-01,239775,234604,115246
1964-12-01,220763,173603,140167
1965-03-01,239991,208344,159091
1965-06-01,237107,155794,131092
1965-09-01,236999,239097,120579
1965-12-01,221220,181542,144784
1966-03-01,237813,214566,175757
1966-06-01,232004,156107,133522
1966-09-01,236448,240676,119623
1966-12-01,215428,197582,142564
1967-03-01,237698,219923,147242
1967-06-01,233537,148468,131953
1967-09-01,224706,266720,120064
1967-12-01,208367,180553,150015
1968-03-01,235797,249000,183820
1968-06-01,227036,141718,133067
1968-09-01,227251,269142,122620
1968-12-01,209385,198340,144831
1969-03-01,233058,164474,170768
1969-06-01,222454,208709,137069
1969-09-01,217033,278276,122735
1969-12-01,196268,181535,156793
1970-03-01,213601,172252,174773
1970-06-01,222370,217667,139816
1970-09-01,214453,294415,125520
1970-12-01,205276,189444,143402
1971-03-01,225784,151453,161741
1971-06-01,219528,224996,139650
1971-09-01,214081,287525,126585
1971-12-01,198278,192614,147798
1972-03-01,208018,173719,173152
1972-06-01,204365,226627,141131
1972-09-01,200896,310127,130408
1972-12-01,181525,198868,156027
1973-03-01,200495,179836,173236
1973-06-01,188150,211675,151052
1973-09-01,183143,279625,128532
1973-12-01,173614,186179,155014
1974-03-01,183272,167299,163503
1974-06-01,177431,201910,144780
1974-09-01,182522,269045,133708
1974-12-01,166142,180355,152938
1975-03-01,169359,175323,162452
1975-06-01,176307,189798,149954
1975-09-01,172170,271089,131242
1975-12-01,151201,178826,149258
1976-03-01,169834,159828,188216
1976-06-01,164811,183381,141656
1976-09-01,165493,256377,128388
1976-12-01,149223,168298,151776
1977-03-01,162419,147587,163472
1977-06-01,158392,196996,148322
1977-09-01,163517,255523,130372
1977-12-01,151139,171094,146385
1978-03-01,163601,153043,174546
1978-06-01,168239,192461,145262
1978-09-01,171837,278642,131349
1978-12-01,163358,167029,148200
1979-03-01,180974,149948,179361
1979-06-01,182353,206265,145937
1979-09-01,180959,266427,131147
1979-12-01,171112,169183,149916
1980-03-01,185941,146754,165145
1980-06-01,188362,216780,143819
1980-09-01,190619,265602,131670
1980-12-01,174099,162053,151258
1981-03-01,181167,137136,163372
1981-06-01,181132,208933,140005
1981-09-01,189444,253439,130993
1981-12-01,171324,150320,153617
1982-03-01,186258,117908,169483
1982-06-01,182782,204671,143500
1982-09-01,188720,257520,129244
1982-12-01,178144,147926,150202
1983-03-01,184709,117612,170789
1983-06-01,187968,205163,140925
1983-09-01,192866,263859,132449
1983-12-01,176021,149070,146368
