date,value,weather_temp_mean,weather_precip_sum,weather_wind_mean,holiday_count,is_weekend,weather_temp_mean_lag1,weather_temp_mean_lag7,weather_precip_sum_lag1,weather_precip_sum_lag7,weather_wind_mean_lag1,weather_wind_mean_lag7,holiday_count_lag1,holiday_count_lag7,is_weekend_lag1,is_weekend_lag7
2022-09-14,98.54100370386747,22.1,0.0,10.6,0,0,,,,,,,,,,
2022-09-15,81.06572586242379,21.7,0.0,8.8,0,0,22.1,,0.0,,10.6,,0.0,,0.0,
2022-09-16,82.37826049176054,22.0,0.4,10.0,0,0,21.7,,0.0,,8.8,,0.0,,0.0,
2022-09-17,70.46119536085665,21.9,0.0,8.8,0,1,22.0,,0.4,,10.0,,0.0,,0.0,
2022-09-18,74.16938575895345,21.9,0.1,7.0,0,1,21.9,,0.0,,8.8,,0.0,,1.0,
2022-09-19,74.73514968987149,22.3,0.0,8.9,0,0,21.9,,0.1,,7.0,,0.0,,1.0,
2022-09-20,85.21967190303018,23.0,0.1,7.9,0,0,22.3,,0.0,,8.9,,0.0,,0.0,
2022-09-21,78.3293700441226,22.7,1.6,9.0,0,0,23.0,22.1,0.1,0.0,7.9,10.6,0.0,0.0,0.0,0.0
2022-09-22,87.63659875851043,22.5,0.5,9.5,0,0,22.7,21.7,1.6,0.0,9.0,8.8,0.0,0.0,0.0,0.0
2022-09-23,73.03627201962124,22.4,0.0,7.9,0,0,22.5,22.0,0.5,0.4,9.5,10.0,0.0,0.0,0.0,0.0
2022-09-24,64.38281321515203,22.9,0.0,7.4,0,1,22.4,21.9,0.0,0.0,7.9,8.8,0.0,0.0,0.0,1.0
2022-09-25,65.68280751042442,21.5,0.2,11.2,0,1,22.9,21.9,0.0,0.1,7.4,7.0,0.0,0.0,1.0,1.0
2022-09-26,50.16943844229814,20.9,0.4,8.7,0,0,21.5,22.3,0.2,0.0,11.2,8.9,0.0,0.0,1.0,0.0
2022-09-27,64.95211746623892,20.0,0.0,9.4,0,0,20.9,23.0,0.4,0.1,8.7,7.9,0.0,0.0,0.0,0.0
2022-09-28,69.81423312398086,20.4,0.0,9.0,0,0,20.0,22.7,0.0,1.6,9.4,9.0,0.0,0.0,0.0,0.0
2022-09-29,66.10012198138728,20.8,0.4,10.0,0,0,20.4,22.5,0.0,0.5,9.0,9.5,0.0,0.0,0.0,0.0
2022-09-30,61.19613202829825,19.9,3.1,12.4,0,0,20.8,22.4,0.4,0.0,10.0,7.9,0.0,0.0,0.0,0.0
2022-10-01,60.394035183265295,20.1,0.0,13.9,0,1,19.9,22.9,3.1,0.0,12.4,7.4,0.0,0.0,0.0,1.0
2022-10-02,64.38094713877177,22.7,0.0,7.6,0,1,20.1,21.5,0.0,0.2,13.9,11.2,0.0,0.0,1.0,1.0
2022-10-03,50.64222873525691,22.5,0.0,7.7,0,0,22.7,20.9,0.0,0.4,7.6,8.7,0.0,0.0,1.0,0.0
2022-10-04,62.86701205172446,21.5,0.0,9.2,0,0,22.5,20.0,0.0,0.0,7.7,9.4,0.0,0.0,0.0,0.0
2022-10-05,55.432242034666494,20.9,0.0,6.9,0,0,21.5,20.4,0.0,0.0,9.2,9.0,0.0,0.0,0.0,0.0
2022-10-06,60.98563931583115,21.5,0.0,7.4,0,0,20.9,20.8,0.0,0.4,6.9,10.0,0.0,0.0,0.0,0.0
2022-10-07,58.7717986615162,21.2,0.0,7.1,0,0,21.5,19.9,0.0,3.1,7.4,12.4,0.0,0.0,0.0,0.0
2022-10-08,57.38242823110084,21.5,0.0,7.4,1,1,21.2,20.1,0.0,0.0,7.1,13.9,0.0,0.0,0.0,1.0
2022-10-09,39.46195181444243,21.3,0.2,8.5,1,1,21.5,22.7,0.0,0.0,7.4,7.6,1.0,0.0,1.0,1.0
2022-10-10,47.12249209043286,20.6,0.0,6.8,0,0,21.3,22.5,0.2,0.0,8.5,7.7,1.0,0.0,1.0,0.0
2022-10-11,44.93397464966996,19.6,2.6,8.3,0,0,20.6,21.5,0.0,0.0,6.8,9.2,0.0,0.0,0.0,0.0
2022-10-12,62.64031416739314,19.0,3.0,6.7,0,0,19.6,20.9,2.6,0.0,8.3,6.9,0.0,0.0,0.0,0.0
2022-10-13,70.09169304182308,20.0,0.3,10.1,0,0,19.0,21.5,3.0,0.0,6.7,7.4,0.0,0.0,0.0,0.0
2022-10-14,63.7071049288422,20.4,0.0,6.0,0,0,20.0,21.2,0.3,0.0,10.1,7.1,0.0,0.0,0.0,0.0
2022-10-15,73.4028298190125,20.4,0.0,6.3,0,1,20.4,21.5,0.0,0.0,6.0,7.4,0.0,1.0,0.0,1.0
2022-10-16,61.405902644519465,22.9,0.1,9.5,0,1,20.4,21.3,0.0,0.2,6.3,8.5,0.0,1.0,1.0,1.0
2022-10-17,58.32640758183584,23.6,0.0,8.6,0,0,22.9,20.6,0.1,0.0,9.5,6.8,0.0,0.0,1.0,0.0
2022-10-18,67.52350728882054,22.4,0.0,6.1,0,0,23.6,19.6,0.0,2.6,8.6,8.3,0.0,0.0,0.0,0.0
2022-10-19,65.50474727289871,21.2,0.0,8.5,0,0,22.4,19.0,0.0,3.0,6.1,6.7,0.0,0.0,0.0,0.0
2022-10-20,65.3099405924217,20.3,0.0,7.5,0,0,21.2,20.0,0.0,0.3,8.5,10.1,0.0,0.0,0.0,0.0
2022-10-21,61.25013991135817,19.6,0.0,6.3,0,0,20.3,20.4,0.0,0.0,7.5,6.0,0.0,0.0,0.0,0.0
2022-10-22,66.7095639127432,21.3,0.0,10.0,0,1,19.6,20.4,0.0,0.0,6.3,6.3,0.0,0.0,0.0,1.0
2022-10-23,52.98531150710615,20.1,0.0,7.0,0,1,21.3,22.9,0.0,0.1,10.0,9.5,0.0,0.0,1.0,1.0
2022-10-24,69.28902153990495,21.0,0.0,6.9,0,0,20.1,23.6,0.0,0.0,7.0,8.6,0.0,0.0,1.0,0.0
2022-10-25,60.59783539307039,22.0,0.0,7.6,0,0,21.0,22.4,0.0,0.0,6.9,6.1,0.0,0.0,0.0,0.0
2022-10-26,72.61855108186609,24.9,0.0,8.8,0,0,22.0,21.2,0.0,0.0,7.6,8.5,0.0,0.0,0.0,0.0
2022-10-27,56.68207597912108,24.2,0.0,8.1,0,0,24.9,20.3,0.0,0.0,8.8,7.5,0.0,0.0,0.0,0.0
2022-10-28,71.47763126079717,23.1,0.0,8.1,0,0,24.2,19.6,0.0,0.0,8.1,6.3,0.0,0.0,0.0,0.0
2022-10-29,55.42469450465963,23.5,0.0,7.5,0,1,23.1,21.3,0.0,0.0,8.1,10.0,0.0,0.0,0.0,1.0
2022-10-30,58.27551246243215,22.2,0.0,8.1,0,1,23.5,20.1,0.0,0.0,7.5,7.0,0.0,0.0,1.0,1.0
2022-10-31,48.94632704240056,21.9,0.0,9.9,0,0,22.2,21.0,0.0,0.0,8.1,6.9,0.0,0.0,1.0,0.0
2022-11-01,73.34018481145279,20.4,0.0,5.7,0,0,21.9,22.0,0.0,0.0,9.9,7.6,0.0,0.0,0.0,0.0
2022-11-02,59.938046773052506,19.7,0.0,8.6,0,0,20.4,24.9,0.0,0.0,5.7,8.8,0.0,0.0,0.0,0.0
2022-11-03,52.170936823176696,18.5,0.2,8.0,0,0,19.7,24.2,0.0,0.0,8.6,8.1,0.0,0.0,0.0,0.0
2022-11-04,62.04753556187541,18.5,0.0,9.8,0,0,18.5,23.1,0.2,0.0,8.0,8.1,0.0,0.0,0.0,0.0
2022-11-05,43.56868794351912,19.2,0.0,11.3,0,1,18.5,23.5,0.0,0.0,9.8,7.5,0.0,0.0,0.0,1.0
2022-11-06,50.38448463713034,19.4,0.0,8.1,1,1,19.2,22.2,0.0,0.0,11.3,8.1,0.0,0.0,1.0,1.0
2022-11-07,66.13031900631107,18.0,0.0,5.4,0,0,19.4,21.9,0.0,0.0,8.1,9.9,1.0,0.0,1.0,0.0
2022-11-08,65.97642543814419,17.0,0.0,5.4,0,0,18.0,20.4,0.0,0.0,5.4,5.7,0.0,0.0,0.0,0.0
2022-11-09,71.15742431259133,17.7,0.0,6.1,0,0,17.0,19.7,0.0,0.0,5.4,8.6,0.0,0.0,0.0,0.0
2022-11-10,62.351156668702856,18.3,0.0,11.0,0,0,17.7,18.5,0.0,0.2,6.1,8.0,0.0,0.0,0.0,0.0
2022-11-11,61.365621559139655,17.5,0.0,6.2,0,0,18.3,18.5,0.0,0.0,11.0,9.8,0.0,0.0,0.0,0.0
2022-11-12,58.378956198848606,17.9,0.0,7.1,0,1,17.5,19.2,0.0,0.0,6.2,11.3,0.0,0.0,0.0,1.0
2022-11-13,59.369085059601225,20.2,0.0,9.1,0,1,17.9,19.4,0.0,0.0,7.1,8.1,0.0,1.0,1.0,1.0
2022-11-14,66.48369955789182,20.9,0.0,9.6,0,0,20.2,18.0,0.0,0.0,9.1,5.4,0.0,0.0,1.0,0.0
2022-11-15,66.27114158481551,18.9,0.0,7.6,0,0,20.9,17.0,0.0,0.0,9.6,5.4,0.0,0.0,0.0,0.0
2022-11-16,70.58158740722166,19.0,0.0,12.0,0,0,18.9,17.7,0.0,0.0,7.6,6.1,0.0,0.0,0.0,0.0
2022-11-17,53.91604898392662,19.1,0.9,11.7,0,0,19.0,18.3,0.0,0.0,12.0,11.0,0.0,0.0,0.0,0.0
2022-11-18,60.05697319893788,17.4,11.9,13.8,1,0,19.1,17.5,0.9,0.0,11.7,6.2,0.0,0.0,0.0,0.0
2022-11-19,68.77914665160873,15.5,0.1,10.1,0,1,17.4,17.9,11.9,0.0,13.8,7.1,1.0,0.0,0.0,1.0
2022-11-20,53.24495097074656,15.7,0.0,12.3,0,1,15.5,20.2,0.1,0.0,10.1,9.1,0.0,0.0,1.0,1.0
2022-11-21,57.878396271172605,15.9,0.0,7.5,0,0,15.7,20.9,0.0,0.0,12.3,9.6,0.0,0.0,1.0,0.0
2022-11-22,64.05142654039203,17.5,0.0,8.3,0,0,15.9,18.9,0.0,0.0,7.5,7.6,0.0,0.0,0.0,0.0
2022-11-23,68.32488876057006,17.0,0.0,6.8,0,0,17.5,19.0,0.0,0.0,8.3,12.0,0.0,0.0,0.0,0.0
2022-11-24,53.50643665614249,16.9,0.0,6.3,0,0,17.0,19.1,0.0,0.9,6.8,11.7,0.0,0.0,0.0,0.0
2022-11-25,53.66626796900213,17.3,0.0,11.4,0,0,16.9,17.4,0.0,11.9,6.3,13.8,0.0,1.0,0.0,0.0
2022-11-26,63.09752430300513,16.2,0.0,8.0,0,1,17.3,15.5,0.0,0.1,11.4,10.1,0.0,0.0,0.0,1.0
2022-11-27,68.8223622167912,16.3,0.0,8.4,0,1,16.2,15.7,0.0,0.0,8.0,12.3,0.0,0.0,1.0,1.0
2022-11-28,78.05892191200273,16.4,0.1,13.4,0,0,16.3,15.9,0.0,0.0,8.4,7.5,0.0,0.0,1.0,0.0
2022-11-29,50.026075727531406,13.6,0.0,10.6,0,0,16.4,17.5,0.1,0.0,13.4,8.3,0.0,0.0,0.0,0.0
2022-11-30,72.60034675488808,13.1,0.0,5.9,0,0,13.6,17.0,0.0,0.0,10.6,6.8,0.0,0.0,0.0,0.0
2022-12-01,52.4636519014333,14.2,21.9,15.4,0,0,13.1,16.9,0.0,0.0,5.9,6.3,0.0,0.0,0.0,0.0
2022-12-02,66.18258021289385,15.0,3.9,7.9,0,0,14.2,17.3,21.9,0.0,15.4,11.4,0.0,0.0,0.0,0.0
2022-12-03,59.53108694652555,15.0,0.5,12.1,0,1,15.0,16.2,3.9,0.0,7.9,8.0,0.0,0.0,0.0,1.0
2022-12-04,59.36445176604956,17.3,1.0,10.5,0,1,15.0,16.3,0.5,0.0,12.1,8.4,0.0,0.0,1.0,1.0
2022-12-05,50.97002568649125,16.3,4.0,19.9,0,0,17.3,16.4,1.0,0.1,10.5,13.4,0.0,0.0,1.0,0.0
2022-12-06,67.2873994680694,16.1,0.8,9.3,0,0,16.3,13.6,4.0,0.0,19.9,10.6,0.0,0.0,0.0,0.0
2022-12-07,57.07882881022964,17.4,0.2,10.8,0,0,16.1,13.1,0.8,0.0,9.3,5.9,0.0,0.0,0.0,0.0
2022-12-08,60.49339075856176,18.5,2.8,20.6,0,0,17.4,14.2,0.2,21.9,10.8,15.4,0.0,0.0,0.0,0.0
2022-12-09,63.89843492942258,17.9,3.2,27.7,0,0,18.5,15.0,2.8,3.9,20.6,7.9,0.0,0.0,0.0,0.0
2022-12-10,54.16091205747943,17.4,3.0,16.8,0,1,17.9,15.0,3.2,0.5,27.7,12.1,0.0,0.0,0.0,1.0
2022-12-11,57.76774683387954,18.9,4.7,19.9,0,1,17.4,17.3,3.0,1.0,16.8,10.5,0.0,0.0,1.0,1.0
2022-12-12,61.42175798246361,19.8,0.4,17.4,0,0,18.9,16.3,4.7,4.0,19.9,19.9,0.0,0.0,1.0,0.0
2022-12-13,64.56318688970808,20.6,1.5,19.6,0,0,19.8,16.1,0.4,0.8,17.4,9.3,0.0,0.0,0.0,0.0
2022-12-14,70.26374741148476,18.8,10.3,23.5,0,0,20.6,17.4,1.5,0.2,19.6,10.8,0.0,0.0,0.0,0.0
2022-12-15,53.82497859646985,14.6,8.5,25.4,0,0,18.8,18.5,10.3,2.8,23.5,20.6,0.0,0.0,0.0,0.0
2022-12-16,59.47573939470611,15.2,3.6,17.8,0,0,14.6,17.9,8.5,3.2,25.4,27.7,0.0,0.0,0.0,0.0
2022-12-17,55.05133526378469,15.1,1.0,9.3,0,1,15.2,17.4,3.6,3.0,17.8,16.8,0.0,0.0,0.0,1.0
2022-12-18,50.98293993940455,14.4,0.0,6.2,0,1,15.1,18.9,1.0,4.7,9.3,19.9,0.0,0.0,1.0,1.0
2022-12-19,48.10764060816511,16.7,0.0,8.2,0,0,14.4,19.8,0.0,0.4,6.2,17.4,0.0,0.0,1.0,0.0
2022-12-20,48.84193850298272,16.4,0.0,9.4,0,0,16.7,20.6,0.0,1.5,8.2,19.6,0.0,0.0,0.0,0.0
2022-12-21,59.35533064538632,15.4,0.0,8.0,0,0,16.4,18.8,0.0,10.3,9.4,23.5,0.0,0.0,0.0,0.0
2022-12-22,58.24643872118291,16.1,0.0,9.3,0,0,15.4,14.6,0.0,8.5,8.0,25.4,0.0,0.0,0.0,0.0
2022-12-23,61.48195154597468,15.0,0.0,6.8,0,0,16.1,15.2,0.0,3.6,9.3,17.8,0.0,0.0,0.0,0.0
2022-12-24,60.2232973207134,16.3,0.0,6.7,0,1,15.0,15.1,0.0,1.0,6.8,9.3,0.0,0.0,0.0,1.0
2022-12-25,55.42615854598896,17.0,0.0,11.2,0,1,16.3,14.4,0.0,0.0,6.7,6.2,0.0,0.0,1.0,1.0
2022-12-26,57.35598477073765,16.1,0.0,9.3,0,0,17.0,16.7,0.0,0.0,11.2,8.2,0.0,0.0,1.0,0.0
2022-12-27,61.61284536472826,13.7,0.0,6.4,0,0,16.1,16.4,0.0,0.0,9.3,9.4,0.0,0.0,0.0,0.0
2022-12-28,58.47564030967234,13.7,0.0,9.2,0,0,13.7,15.4,0.0,0.0,6.4,8.0,0.0,0.0,0.0,0.0
2022-12-29,61.72010888890455,13.7,0.0,8.8,0,0,13.7,16.1,0.0,0.0,9.2,9.3,0.0,0.0,0.0,0.0
2022-12-30,56.88611499103183,13.2,0.0,8.0,0,0,13.7,15.0,0.0,0.0,8.8,6.8,0.0,0.0,0.0,0.0
2022-12-31,60.67785573098652,15.2,0.0,7.3,0,1,13.2,16.3,0.0,0.0,8.0,6.7,0.0,0.0,0.0,1.0
2023-01-01,60.65939873746611,15.6,0.0,6.4,1,1,15.2,17.0,0.0,0.0,7.3,11.2,0.0,0.0,1.0,1.0
2023-01-02,57.31954408721968,14.6,0.1,8.8,0,0,15.6,16.1,0.0,0.0,6.4,9.3,1.0,0.0,1.0,0.0
2023-01-03,65.1342037775304,15.2,0.5,11.8,0,0,14.6,13.7,0.1,0.0,8.8,6.4,0.0,0.0,0.0,0.0
2023-01-04,66.92919830545927,13.9,0.0,7.3,0,0,15.2,13.7,0.5,0.0,11.8,9.2,0.0,0.0,0.0,0.0
2023-01-05,70.8999068886042,14.0,0.0,8.1,0,0,13.9,13.7,0.0,0.0,7.3,8.8,0.0,0.0,0.0,0.0
2023-01-06,65.01370597766179,14.7,0.0,7.7,0,0,14.0,13.2,0.0,0.0,8.1,8.0,0.0,0.0,0.0,0.0
2023-01-07,61.21189130208039,14.3,0.0,7.1,0,1,14.7,15.2,0.0,0.0,7.7,7.3,0.0,0.0,0.0,1.0
2023-01-08,63.88087428713532,14.9,0.0,13.0,0,1,14.3,15.6,0.0,0.0,7.1,6.4,0.0,1.0,1.0,1.0
2023-01-09,51.04169049060657,15.8,1.8,9.1,0,0,14.9,14.6,0.0,0.1,13.0,8.8,0.0,0.0,1.0,0.0
2023-01-10,68.12790580622095,14.8,0.0,10.5,0,0,15.8,15.2,1.8,0.5,9.1,11.8,0.0,0.0,0.0,0.0
2023-01-11,62.05702586394986,15.6,0.0,9.1,1,0,14.8,13.9,0.0,0.0,10.5,7.3,0.0,0.0,0.0,0.0
2023-01-12,52.06985546706834,14.2,0.3,8.7,0,0,15.6,14.0,0.0,0.0,9.1,8.1,1.0,0.0,0.0,0.0
2023-01-13,56.73789823130163,13.9,0.1,8.8,0,0,14.2,14.7,0.3,0.0,8.7,7.7,0.0,0.0,0.0,0.0
2023-01-14,59.974988676889296,13.5,0.0,8.9,0,1,13.9,14.3,0.1,0.0,8.8,7.1,0.0,0.0,0.0,1.0
2023-01-15,50.56774021105699,12.9,0.0,7.1,0,1,13.5,14.9,0.0,0.0,8.9,13.0,0.0,0.0,1.0,1.0
2023-01-16,42.17072362701563,13.0,0.4,7.8,0,0,12.9,15.8,0.0,1.8,7.1,9.1,0.0,0.0,1.0,0.0
2023-01-17,59.23859522204545,13.4,3.1,14.8,0,0,13.0,14.8,0.4,0.0,7.8,10.5,0.0,0.0,0.0,0.0
2023-01-18,59.53291147594368,13.5,6.5,13.1,0,0,13.4,15.6,3.1,0.0,14.8,9.1,0.0,1.0,0.0,0.0
2023-01-19,52.797194685785,11.7,0.1,11.3,0,0,13.5,14.2,6.5,0.3,13.1,8.7,0.0,0.0,0.0,0.0
2023-01-20,59.67892431672473,11.6,0.0,9.1,0,0,11.7,13.9,0.1,0.1,11.3,8.8,0.0,0.0,0.0,0.0
2023-01-21,64.21229552147884,13.0,0.6,8.0,0,1,11.6,13.5,0.0,0.0,9.1,8.9,0.0,0.0,0.0,1.0
2023-01-22,40.40155288561705,13.4,0.4,9.8,0,1,13.0,12.9,0.6,0.0,8.0,7.1,0.0,0.0,1.0,1.0
2023-01-23,54.01171193222284,12.5,0.0,11.3,0,0,13.4,13.0,0.4,0.4,9.8,7.8,0.0,0.0,1.0,0.0
2023-01-24,58.17687819384879,10.7,0.0,10.6,0,0,12.5,13.4,0.0,3.1,11.3,14.8,0.0,0.0,0.0,0.0
2023-01-25,52.59523408546565,10.4,3.0,9.3,0,0,10.7,13.5,0.0,6.5,10.6,13.1,0.0,0.0,0.0,0.0
2023-01-26,57.619569047576846,10.4,3.9,10.6,0,0,10.4,11.7,3.0,0.1,9.3,11.3,0.0,0.0,0.0,0.0
2023-01-27,56.52597984694409,11.5,12.2,11.0,0,0,10.4,11.6,3.9,0.0,10.6,9.1,0.0,0.0,0.0,0.0
2023-01-28,53.43852685518585,10.2,1.0,10.9,0,1,11.5,13.0,12.2,0.6,11.0,8.0,0.0,0.0,0.0,1.0
2023-01-29,27.350887533887448,9.0,0.0,8.9,0,1,10.2,13.4,1.0,0.4,10.9,9.8,0.0,0.0,1.0,1.0
2023-01-30,54.22746099170078,8.9,0.1,5.7,0,0,9.0,12.5,0.0,0.0,8.9,11.3,0.0,0.0,1.0,0.0
2023-01-31,54.17253649036935,10.7,0.0,7.6,0,0,8.9,10.7,0.1,0.0,5.7,10.6,0.0,0.0,0.0,0.0
2023-02-01,68.70227123058987,11.4,0.0,6.4,0,0,10.7,10.4,0.0,3.0,7.6,9.3,0.0,0.0,0.0,0.0
2023-02-02,65.84354091307955,10.1,0.0,9.7,0,0,11.4,10.4,0.0,3.9,6.4,10.6,0.0,0.0,0.0,0.0
2023-02-03,59.83208008358567,9.6,0.0,8.2,0,0,10.1,11.5,0.0,12.2,9.7,11.0,0.0,0.0,0.0,0.0
2023-02-04,62.32553625690134,10.4,0.0,7.2,0,1,9.6,10.2,0.0,1.0,8.2,10.9,0.0,0.0,0.0,1.0
2023-02-05,44.34929565406774,10.7,0.0,7.1,0,1,10.4,9.0,0.0,0.0,7.2,8.9,0.0,0.0,1.0,1.0
2023-02-06,63.195934141613,11.7,0.0,7.6,0,0,10.7,8.9,0.0,0.1,7.1,5.7,0.0,0.0,1.0,0.0
2023-02-07,60.7227108264949,11.4,0.2,9.8,0,0,11.7,10.7,0.0,0.0,7.6,7.6,0.0,0.0,0.0,0.0
2023-02-08,68.09273552457489,12.4,6.3,13.4,0,0,11.4,11.4,0.2,0.0,9.8,6.4,0.0,0.0,0.0,0.0
2023-02-09,46.17882334923667,13.1,0.0,9.4,0,0,12.4,10.1,6.3,0.0,13.4,9.7,0.0,0.0,0.0,0.0
2023-02-10,48.860186537842665,13.3,0.3,6.7,0,0,13.1,9.6,0.0,0.0,9.4,8.2,0.0,0.0,0.0,0.0
2023-02-11,69.6384012632703,15.0,1.3,10.5,0,1,13.3,10.4,0.3,0.0,6.7,7.2,0.0,0.0,0.0,1.0
2023-02-12,55.17928148277993,15.7,0.1,11.2,0,1,15.0,10.7,1.3,0.0,10.5,7.1,0.0,0.0,1.0,1.0
2023-02-13,54.942254917342815,14.3,0.1,5.6,0,0,15.7,11.7,0.1,0.0,11.2,7.6,0.0,0.0,1.0,0.0
2023-02-14,60.807020994819446,15.8,3.0,11.1,0,0,14.3,11.4,0.1,0.2,5.6,9.8,0.0,0.0,0.0,0.0
2023-02-15,46.48023626591993,13.5,17.7,9.2,0,0,15.8,12.4,3.0,6.3,11.1,13.4,0.0,0.0,0.0,0.0
2023-02-16,48.75587592382325,13.4,6.7,9.7,0,0,13.5,13.1,17.7,0.0,9.2,9.4,0.0,0.0,0.0,0.0
2023-02-17,67.17914506430043,15.5,0.6,9.9,0,0,13.4,13.3,6.7,0.3,9.7,6.7,0.0,0.0,0.0,0.0
2023-02-18,62.90927707002993,15.0,0.0,9.4,0,1,15.5,15.0,0.6,1.3,9.9,10.5,0.0,0.0,0.0,1.0
2023-02-19,61.73633441720317,15.4,0.0,8.1,0,1,15.0,15.7,0.0,0.1,9.4,11.2,0.0,0.0,1.0,1.0
2023-02-20,47.5038006048717,15.6,0.9,7.4,0,0,15.4,14.3,0.0,0.1,8.1,5.6,0.0,0.0,1.0,0.0
2023-02-21,69.05083277037323,14.4,0.0,8.4,0,0,15.6,15.8,0.9,3.0,7.4,11.1,0.0,0.0,0.0,0.0
2023-02-22,51.618140862911815,15.2,0.0,9.4,0,0,14.4,13.5,0.0,17.7,8.4,9.2,0.0,0.0,0.0,0.0
2023-02-23,57.569218988566845,14.4,0.9,12.6,0,0,15.2,13.4,0.0,6.7,9.4,9.7,0.0,0.0,0.0,0.0
2023-02-24,49.42471302440944,12.5,3.6,9.7,0,0,14.4,15.5,0.9,0.6,12.6,9.9,0.0,0.0,0.0,0.0
2023-02-25,58.15047292010555,11.9,4.5,16.4,0,1,12.5,15.0,3.6,0.0,9.7,9.4,0.0,0.0,0.0,1.0
2023-02-26,63.95511935656256,13.3,25.0,17.1,0,1,11.9,15.4,4.5,0.0,16.4,8.1,0.0,0.0,1.0,1.0
2023-02-27,64.43405193702453,13.7,1.3,12.0,0,0,13.3,15.6,25.0,0.9,17.1,7.4,0.0,0.0,1.0,0.0
2023-02-28,58.86647591055021,13.4,7.5,13.9,0,0,13.7,14.4,1.3,0.0,12.0,8.4,0.0,0.0,0.0,0.0
2023-03-01,60.97942652050996,13.6,0.7,9.7,0,0,13.4,15.2,7.5,0.0,13.9,9.4,0.0,0.0,0.0,0.0
2023-03-02,68.3574935541603,14.2,0.5,8.1,0,0,13.6,14.4,0.7,0.9,9.7,12.6,0.0,0.0,0.0,0.0
2023-03-03,65.10948694343797,13.9,1.1,8.5,0,0,14.2,12.5,0.5,3.6,8.1,9.7,0.0,0.0,0.0,0.0
2023-03-04,73.97077168548168,12.9,0.0,8.0,0,1,13.9,11.9,1.1,4.5,8.5,16.4,0.0,0.0,0.0,1.0
2023-03-05,56.98934766488927,12.8,0.0,6.0,0,1,12.9,13.3,0.0,25.0,8.0,17.1,0.0,0.0,1.0,1.0
2023-03-06,50.24886005190933,15.0,0.0,11.0,0,0,12.8,13.7,0.0,1.3,6.0,12.0,0.0,0.0,1.0,0.0
2023-03-07,57.29598238261443,16.0,0.0,9.2,0,0,15.0,13.4,0.0,7.5,11.0,13.9,0.0,0.0,0.0,0.0
2023-03-08,52.01923918777711,16.1,0.0,5.9,0,0,16.0,13.6,0.0,0.7,9.2,9.7,0.0,0.0,0.0,0.0
2023-03-09,62.684700995495824,16.0,0.2,6.3,0,0,16.1,14.2,0.0,0.5,5.9,8.1,0.0,0.0,0.0,0.0
2023-03-10,58.38831907013852,16.4,0.0,12.8,0,0,16.0,13.9,0.2,1.1,6.3,8.5,0.0,0.0,0.0,0.0
2023-03-11,69.968350022062,15.7,0.0,13.6,0,1,16.4,12.9,0.0,0.0,12.8,8.0,0.0,0.0,0.0,1.0
2023-03-12,45.93651061257626,16.2,0.0,10.2,0,1,15.7,12.8,0.0,0.0,13.6,6.0,0.0,0.0,1.0,1.0
2023-03-13,49.68157879085105,15.8,0.0,7.2,0,0,16.2,15.0,0.0,0.0,10.2,11.0,0.0,0.0,1.0,0.0
2023-03-14,57.88693492959132,15.7,0.0,16.3,0,0,15.8,16.0,0.0,0.0,7.2,9.2,0.0,0.0,0.0,0.0
2023-03-15,67.12077801624044,14.5,0.0,7.4,0,0,15.7,16.1,0.0,0.0,16.3,5.9,0.0,0.0,0.0,0.0
2023-03-16,55.804008964284776,14.7,0.0,9.1,0,0,14.5,16.0,0.0,0.2,7.4,6.3,0.0,0.0,0.0,0.0
2023-03-17,54.87328464711627,16.2,0.0,9.4,0,0,14.7,16.4,0.0,0.0,9.1,12.8,0.0,0.0,0.0,0.0
2023-03-18,60.93431316341495,15.6,0.4,10.0,0,1,16.2,15.7,0.0,0.0,9.4,13.6,0.0,0.0,0.0,1.0
2023-03-19,58.455147509918206,14.9,0.0,11.3,0,1,15.6,16.2,0.4,0.0,10.0,10.2,0.0,0.0,1.0,1.0
2023-03-20,51.94313164467392,15.5,0.0,12.8,0,0,14.9,15.8,0.0,0.0,11.3,7.2,0.0,0.0,1.0,0.0
2023-03-21,62.05964196292504,15.0,0.0,7.2,0,0,15.5,15.7,0.0,0.0,12.8,16.3,0.0,0.0,0.0,0.0
2023-03-22,50.04982394471156,15.7,0.0,5.3,0,0,15.0,14.5,0.0,0.0,7.2,7.4,0.0,0.0,0.0,0.0
2023-03-23,50.3666754432002,15.9,0.0,6.2,0,0,15.7,14.7,0.0,0.0,5.3,9.1,0.0,0.0,0.0,0.0
2023-03-24,58.87166833666307,15.6,0.0,10.9,0,0,15.9,16.2,0.0,0.0,6.2,9.4,0.0,0.0,0.0,0.0
2023-03-25,57.76420096990478,16.0,0.0,11.8,0,1,15.6,15.6,0.0,0.4,10.9,10.0,0.0,0.0,0.0,1.0
2023-03-26,52.04503116019178,16.7,0.0,11.9,0,1,16.0,14.9,0.0,0.0,11.8,11.3,0.0,0.0,1.0,1.0
2023-03-27,52.98469436423145,16.5,0.0,9.3,0,0,16.7,15.5,0.0,0.0,11.9,12.8,0.0,0.0,1.0,0.0
2023-03-28,51.15582341058254,17.0,0.0,6.7,0,0,16.5,15.0,0.0,0.0,9.3,7.2,0.0,0.0,0.0,0.0
2023-03-29,50.23815684185993,18.3,0.0,6.1,0,0,17.0,15.7,0.0,0.0,6.7,5.3,0.0,0.0,0.0,0.0
2023-03-30,60.964137083416695,18.2,0.0,9.5,0,0,18.3,15.9,0.0,0.0,6.1,6.2,0.0,0.0,0.0,0.0
2023-03-31,57.47398654450179,17.3,0.0,11.9,0,0,18.2,15.6,0.0,0.0,9.5,10.9,0.0,0.0,0.0,0.0
2023-04-01,53.90848906874009,17.3,0.0,14.1,0,1,17.3,16.0,0.0,0.0,11.9,11.8,0.0,0.0,0.0,1.0
2023-04-02,59.56726971629041,17.0,0.0,13.7,0,1,17.3,16.7,0.0,0.0,14.1,11.9,0.0,0.0,1.0,1.0
2023-04-03,47.05268618362823,16.5,0.0,8.4,0,0,17.0,16.5,0.0,0.0,13.7,9.3,0.0,0.0,1.0,0.0
2023-04-04,58.41529380732748,14.8,13.6,9.1,0,0,16.5,17.0,0.0,0.0,8.4,6.7,0.0,0.0,0.0,0.0
2023-04-05,52.09000638251044,17.5,3.9,21.3,0,0,14.8,18.3,13.6,0.0,9.1,6.1,0.0,0.0,0.0,0.0
2023-04-06,57.6854459580197,16.7,0.0,8.8,0,0,17.5,18.2,3.9,0.0,21.3,9.5,0.0,0.0,0.0,0.0
2023-04-07,57.967519137196696,17.0,0.0,8.1,0,0,16.7,17.3,0.0,0.0,8.8,11.9,0.0,0.0,0.0,0.0
2023-04-08,55.83906817823484,18.6,1.1,7.2,0,1,17.0,17.3,0.0,0.0,8.1,14.1,0.0,0.0,0.0,1.0
2023-04-09,58.23467634169644,18.9,0.0,10.4,0,1,18.6,17.0,1.1,0.0,7.2,13.7,0.0,0.0,1.0,1.0
2023-04-10,57.60640203961053,17.5,0.0,8.0,0,0,18.9,16.5,0.0,0.0,10.4,8.4,0.0,0.0,1.0,0.0
2023-04-11,52.384208226295954,17.2,0.0,7.4,0,0,17.5,14.8,0.0,13.6,8.0,9.1,0.0,0.0,0.0,0.0
2023-04-12,53.06364173122539,17.2,0.0,9.7,0,0,17.2,17.5,0.0,3.9,7.4,21.3,0.0,0.0,0.0,0.0
2023-04-13,49.99666733153551,16.1,0.3,12.5,0,0,17.2,16.7,0.0,0.0,9.7,8.8,0.0,0.0,0.0,0.0
2023-04-14,53.4318763888327,15.4,0.0,13.5,0,0,16.1,17.0,0.3,0.0,12.5,8.1,0.0,0.0,0.0,0.0
2023-04-15,57.20924384301244,16.7,0.0,12.9,0,1,15.4,18.6,0.0,1.1,13.5,7.2,0.0,0.0,0.0,1.0
2023-04-16,51.22290012618076,17.6,0.0,9.0,0,1,16.7,18.9,0.0,0.0,12.9,10.4,0.0,0.0,1.0,1.0
2023-04-17,46.53171041362451,18.1,0.0,6.9,0,0,17.6,17.5,0.0,0.0,9.0,8.0,0.0,0.0,1.0,0.0
2023-04-18,51.13957172744215,18.0,0.0,8.2,0,0,18.1,17.2,0.0,0.0,6.9,7.4,0.0,0.0,0.0,0.0
2023-04-19,54.21911602998076,18.9,0.0,15.6,0,0,18.0,17.2,0.0,0.0,8.2,9.7,0.0,0.0,0.0,0.0
2023-04-20,47.12553956570262,18.2,0.0,14.4,0,0,18.9,16.1,0.0,0.3,15.6,12.5,0.0,0.0,0.0,0.0
2023-04-21,42.36839460251101,17.4,0.0,8.0,1,0,18.2,15.4,0.0,0.0,14.4,13.5,0.0,0.0,0.0,0.0
2023-04-22,41.21973558093228,17.6,0.0,10.8,1,1,17.4,16.7,0.0,0.0,8.0,12.9,1.0,0.0,0.0,1.0
2023-04-23,40.442624047589845,18.2,0.0,14.0,0,1,17.6,17.6,0.0,0.0,10.8,9.0,1.0,0.0,1.0,1.0
2023-04-24,41.43034821329829,18.4,0.0,9.6,0,0,18.2,18.1,0.0,0.0,14.0,6.9,0.0,0.0,1.0,0.0
2023-04-25,40.95864549087479,20.1,0.0,9.3,0,0,18.4,18.0,0.0,0.0,9.6,8.2,0.0,0.0,0.0,0.0
2023-04-26,45.4270294612779,22.1,0.0,9.8,0,0,20.1,18.9,0.0,0.0,9.3,15.6,0.0,0.0,0.0,0.0
2023-04-27,64.19924354436664,22.8,0.0,6.9,0,0,22.1,18.2,0.0,0.0,9.8,14.4,0.0,0.0,0.0,0.0
2023-04-28,74.8602614900618,21.8,0.0,10.2,0,0,22.8,17.4,0.0,0.0,6.9,8.0,0.0,1.0,0.0,0.0
2023-04-29,67.68137486102037,20.4,0.0,11.1,0,1,21.8,17.6,0.0,0.0,10.2,10.8,0.0,1.0,0.0,1.0
2023-04-30,52.02533012211358,19.4,0.0,10.7,0,1,20.4,18.2,0.0,0.0,11.1,14.0,0.0,0.0,1.0,1.0
2023-05-01,56.1865893478573,19.1,0.0,9.6,1,0,19.4,18.4,0.0,0.0,10.7,9.6,0.0,0.0,1.0,0.0
2023-05-02,52.84168582335084,20.9,0.0,6.1,0,0,19.1,20.1,0.0,0.0,9.6,9.3,1.0,0.0,0.0,0.0
2023-05-03,64.66880606509007,20.8,0.0,10.4,0,0,20.9,22.1,0.0,0.0,6.1,9.8,0.0,0.0,0.0,0.0
2023-05-04,74.95988214215824,19.9,0.1,12.6,0,0,20.8,22.8,0.0,0.0,10.4,6.9,0.0,0.0,0.0,0.0
2023-05-05,49.10742429821025,19.4,0.0,12.4,0,0,19.9,21.8,0.1,0.0,12.6,10.2,0.0,0.0,0.0,0.0
2023-05-06,54.86575662110588,19.6,0.2,11.5,0,1,19.4,20.4,0.0,0.0,12.4,11.1,0.0,0.0,0.0,1.0
2023-05-07,62.25771953621224,19.7,1.8,15.9,0,1,19.6,19.4,0.2,0.0,11.5,10.7,0.0,0.0,1.0,1.0
2023-05-08,52.97952520468112,19.9,0.0,10.2,0,0,19.7,19.1,1.8,0.0,15.9,9.6,0.0,1.0,1.0,0.0
2023-05-09,63.52070502779624,20.4,0.0,10.5,0,0,19.9,20.9,0.0,0.0,10.2,6.1,0.0,0.0,0.0,0.0
2023-05-10,52.111397029786495,20.3,0.0,10.0,0,0,20.4,20.8,0.0,0.0,10.5,10.4,0.0,0.0,0.0,0.0
2023-05-11,49.38356604739833,19.1,0.0,9.5,0,0,20.3,19.9,0.0,0.1,10.0,12.6,0.0,0.0,0.0,0.0
2023-05-12,60.83805631420689,19.3,0.0,10.7,0,0,19.1,19.4,0.0,0.0,9.5,12.4,0.0,0.0,0.0,0.0
2023-05-13,69.92309626392901,19.2,0.0,12.8,0,1,19.3,19.6,0.0,0.2,10.7,11.5,0.0,0.0,0.0,1.0
2023-05-14,58.16974122331587,19.6,0.0,9.7,0,1,19.2,19.7,0.0,1.8,12.8,15.9,0.0,0.0,1.0,1.0
2023-05-15,58.40496067378511,18.5,0.0,9.1,0,0,19.6,19.9,0.0,0.0,9.7,10.2,0.0,0.0,1.0,0.0
2023-05-16,76.6537141650277,19.1,0.0,9.5,0,0,18.5,20.4,0.0,0.0,9.1,10.5,0.0,0.0,0.0,0.0
2023-05-17,90.65129852559278,18.8,5.6,17.4,0,0,19.1,20.3,0.0,0.0,9.5,10.0,0.0,0.0,0.0,0.0
2023-05-18,65.1921886529873,16.9,22.4,9.6,0,0,18.8,19.1,5.6,0.0,17.4,9.5,0.0,0.0,0.0,0.0
2023-05-19,68.4068657435698,18.0,0.9,9.9,0,0,16.9,19.3,22.4,0.0,9.6,10.7,0.0,0.0,0.0,0.0
2023-05-20,66.54708718685316,17.9,0.0,9.8,0,1,18.0,19.2,0.9,0.0,9.9,12.8,0.0,0.0,0.0,1.0
2023-05-21,65.03663604853566,16.7,4.4,17.0,0,1,17.9,19.6,0.0,0.0,9.8,9.7,0.0,0.0,1.0,1.0
2023-05-22,57.07843051485153,17.1,0.6,12.0,0,0,16.7,18.5,4.4,0.0,17.0,9.1,0.0,0.0,1.0,0.0
2023-05-23,76.8556513377084,17.4,2.1,11.0,0,0,17.1,19.1,0.6,0.0,12.0,9.5,0.0,0.0,0.0,0.0
2023-05-24,84.27030241400051,18.7,1.1,10.9,0,0,17.4,18.8,2.1,5.6,11.0,17.4,0.0,0.0,0.0,0.0
2023-05-25,62.81509298070674,19.1,0.2,7.7,0,0,18.7,16.9,1.1,22.4,10.9,9.6,0.0,0.0,0.0,0.0
2023-05-26,69.4102770739682,19.6,3.8,8.8,0,0,19.1,18.0,0.2,0.9,7.7,9.9,0.0,0.0,0.0,0.0
2023-05-27,65.23385598469798,18.8,4.3,8.0,0,1,19.6,17.9,3.8,0.0,8.8,9.8,0.0,0.0,0.0,1.0
2023-05-28,74.89983239822648,19.4,0.3,7.3,0,1,18.8,16.7,4.3,4.4,8.0,17.0,0.0,0.0,1.0,1.0
2023-05-29,69.4212783682379,18.9,0.3,8.3,0,0,19.4,17.1,0.3,0.6,7.3,12.0,0.0,0.0,1.0,0.0
2023-05-30,77.5730445841172,18.7,0.2,8.5,0,0,18.9,17.4,0.3,2.1,8.3,11.0,0.0,0.0,0.0,0.0
2023-05-31,61.20038752013564,19.7,0.0,10.9,0,0,18.7,18.7,0.2,1.1,8.5,10.9,0.0,0.0,0.0,0.0
2023-06-01,53.1371382262686,20.4,0.0,9.6,0,0,19.7,19.1,0.0,0.2,10.9,7.7,0.0,0.0,0.0,0.0
2023-06-02,62.92945565583842,20.6,2.1,9.2,0,0,20.4,19.6,0.0,3.8,9.6,8.8,0.0,0.0,0.0,0.0
2023-06-03,77.75231206674582,20.9,0.2,10.2,0,1,20.6,18.8,2.1,4.3,9.2,8.0,0.0,0.0,0.0,1.0
2023-06-04,57.74135297082944,21.0,0.5,9.4,0,1,20.9,19.4,0.2,0.3,10.2,7.3,0.0,0.0,1.0,1.0
2023-06-05,64.58461606625447,21.0,0.1,8.7,0,0,21.0,18.9,0.5,0.3,9.4,8.3,0.0,0.0,1.0,0.0
2023-06-06,89.8723146075837,22.0,0.1,6.8,0,0,21.0,18.7,0.1,0.2,8.7,8.5,0.0,0.0,0.0,0.0
2023-06-07,81.2619418562514,23.6,0.0,9.0,0,0,22.0,19.7,0.1,0.0,6.8,10.9,0.0,0.0,0.0,0.0
2023-06-08,68.99176780853286,22.6,3.1,17.4,0,0,23.6,20.4,0.0,0.0,9.0,9.6,0.0,0.0,0.0,0.0
2023-06-09,84.5016428264284,21.2,0.7,11.7,0,0,22.6,20.6,3.1,2.1,17.4,9.2,0.0,0.0,0.0,0.0
2023-06-10,63.12883231465717,21.1,2.5,7.6,0,1,21.2,20.9,0.7,0.2,11.7,10.2,0.0,0.0,0.0,1.0
2023-06-11,64.10423709604099,21.0,0.0,9.1,0,1,21.1,21.0,2.5,0.5,7.6,9.4,0.0,0.0,1.0,1.0
2023-06-12,60.24331039749778,21.3,0.0,7.7,0,0,21.0,21.0,0.0,0.1,9.1,8.7,0.0,0.0,1.0,0.0
2023-06-13,64.60989151251307,21.4,2.2,13.0,0,0,21.3,22.0,0.0,0.1,7.7,6.8,0.0,0.0,0.0,0.0
2023-06-14,58.00370897347105,21.5,0.0,13.6,0,0,21.4,23.6,2.2,0.0,13.0,9.0,0.0,0.0,0.0,0.0
2023-06-15,54.14828363016101,22.4,0.0,8.6,0,0,21.5,22.6,0.0,3.1,13.6,17.4,0.0,0.0,0.0,0.0
2023-06-16,59.4796039605874,23.7,0.0,10.6,0,0,22.4,21.2,0.0,0.7,8.6,11.7,0.0,0.0,0.0,0.0
2023-06-17,55.2911993756116,23.6,0.2,14.9,0,1,23.7,21.1,0.0,2.5,10.6,7.6,0.0,0.0,0.0,1.0
2023-06-18,57.82374001777654,22.7,0.3,11.5,0,1,23.6,21.0,0.2,0.0,14.9,9.1,0.0,0.0,1.0,1.0
2023-06-19,55.49333623095504,22.4,0.0,10.6,0,0,22.7,21.3,0.3,0.0,11.5,7.7,0.0,0.0,1.0,0.0
2023-06-20,59.18416639466427,22.5,0.1,10.7,0,0,22.4,21.4,0.0,2.2,10.6,13.0,0.0,0.0,0.0,0.0
2023-06-21,45.30923498333284,22.4,0.2,10.4,0,0,22.5,21.5,0.1,0.0,10.7,13.6,0.0,0.0,0.0,0.0
2023-06-22,66.02053808801313,22.6,0.0,14.0,0,0,22.4,22.4,0.2,0.0,10.4,8.6,0.0,0.0,0.0,0.0
2023-06-23,65.1347142030524,23.8,0.0,8.0,0,0,22.6,23.7,0.0,0.0,14.0,10.6,0.0,0.0,0.0,0.0
2023-06-24,50.09549805909658,24.7,0.0,8.8,0,1,23.8,23.6,0.0,0.2,8.0,14.9,0.0,0.0,0.0,1.0
2023-06-25,55.22795155473101,25.7,0.0,8.9,0,1,24.7,22.7,0.0,0.3,8.8,11.5,0.0,0.0,1.0,1.0
2023-06-26,45.11832625543471,29.5,0.0,11.6,0,0,25.7,22.4,0.0,0.0,8.9,10.6,0.0,0.0,1.0,0.0
2023-06-27,46.22895264491044,27.8,0.0,8.8,0,0,29.5,22.5,0.0,0.1,11.6,10.7,0.0,0.0,0.0,0.0
2023-06-28,42.65805958817591,24.4,0.0,8.6,1,0,27.8,22.4,0.0,0.2,8.8,10.4,0.0,0.0,0.0,0.0
2023-06-29,41.50993011189608,24.5,0.0,9.4,1,0,24.4,22.6,0.0,0.0,8.6,14.0,1.0,0.0,0.0,0.0
2023-06-30,40.301356084880055,22.9,0.0,10.1,0,0,24.5,23.8,0.0,0.0,9.4,8.0,1.0,0.0,0.0,0.0
2023-07-01,40.42473569237392,23.1,0.0,7.4,0,1,22.9,24.7,0.0,0.0,10.1,8.8,0.0,0.0,0.0,1.0
2023-07-02,40.657305106632805,24.2,0.0,8.0,0,1,23.1,25.7,0.0,0.0,7.4,8.9,0.0,0.0,1.0,1.0
2023-07-03,40.64606320407061,24.3,0.0,8.7,0,0,24.2,29.5,0.0,0.0,8.0,11.6,0.0,0.0,1.0,0.0
2023-07-04,42.06308859443362,24.1,0.0,8.9,0,0,24.3,27.8,0.0,0.0,8.7,8.8,0.0,0.0,0.0,0.0
2023-07-05,44.58948492764752,24.0,0.0,8.6,0,0,24.1,24.4,0.0,0.0,8.9,8.6,0.0,1.0,0.0,0.0
2023-07-06,41.41894024458534,23.5,0.0,8.8,0,0,24.0,24.5,0.0,0.0,8.6,9.4,0.0,1.0,0.0,0.0
2023-07-07,51.81968353078895,23.0,0.1,11.2,0,0,23.5,22.9,0.0,0.0,8.8,10.1,0.0,0.0,0.0,0.0
2023-07-08,52.340772651965175,22.8,0.0,12.6,0,1,23.0,23.1,0.1,0.0,11.2,7.4,0.0,0.0,0.0,1.0
2023-07-09,51.91899765131069,23.7,0.0,11.2,0,1,22.8,24.2,0.0,0.0,12.6,8.0,0.0,0.0,1.0,1.0
2023-07-10,52.32475123680934,24.9,0.0,7.6,0,0,23.7,24.3,0.0,0.0,11.2,8.7,0.0,0.0,1.0,0.0
2023-07-11,57.17514928727116,24.2,0.0,8.4,0,0,24.9,24.1,0.0,0.0,7.6,8.9,0.0,0.0,0.0,0.0
2023-07-12,49.76397330432136,24.2,0.0,9.3,0,0,24.2,24.0,0.0,0.0,8.4,8.6,0.0,0.0,0.0,0.0
2023-07-13,55.07486077463105,24.2,0.0,8.0,0,0,24.2,23.5,0.0,0.0,9.3,8.8,0.0,0.0,0.0,0.0
2023-07-14,55.03074838344284,23.2,0.0,8.9,0,0,24.2,23.0,0.0,0.1,8.0,11.2,0.0,0.0,0.0,0.0
2023-07-15,63.46803075856505,23.2,0.3,12.6,0,1,23.2,22.8,0.0,0.0,8.9,12.6,0.0,0.0,0.0,1.0
2023-07-16,57.75079115781806,23.4,0.0,13.0,0,1,23.2,23.7,0.3,0.0,12.6,11.2,0.0,0.0,1.0,1.0
2023-07-17,55.4991517161252,23.9,0.0,7.9,0,0,23.4,24.9,0.0,0.0,13.0,7.6,0.0,0.0,1.0,0.0
2023-07-18,65.99116819339324,25.3,0.0,8.2,0,0,23.9,24.2,0.0,0.0,7.9,8.4,0.0,0.0,0.0,0.0
2023-07-19,64.60545058960875,24.8,0.0,9.9,1,0,25.3,24.2,0.0,0.0,8.2,9.3,0.0,0.0,0.0,0.0
2023-07-20,62.663554834825554,23.2,0.0,9.9,0,0,24.8,24.2,0.0,0.0,9.9,8.0,1.0,0.0,0.0,0.0
2023-07-21,59.096321548629625,23.0,0.0,13.4,0,0,23.2,23.2,0.0,0.0,9.9,8.9,0.0,0.0,0.0,0.0
2023-07-22,59.951450641943374,22.8,0.0,12.6,0,1,23.0,23.2,0.0,0.3,13.4,12.6,0.0,0.0,0.0,1.0
2023-07-23,70.5477789355688,23.0,0.0,9.6,0,1,22.8,23.4,0.0,0.0,12.6,13.0,0.0,0.0,1.0,1.0
2023-07-24,54.1727986286071,22.8,0.0,10.9,0,0,23.0,23.9,0.0,0.0,9.6,7.9,0.0,0.0,1.0,0.0
2023-07-25,63.83960302775043,22.3,0.0,10.5,0,0,22.8,25.3,0.0,0.0,10.9,8.2,0.0,0.0,0.0,0.0
2023-07-26,88.19357900371834,21.4,0.0,9.0,0,0,22.3,24.8,0.0,0.0,10.5,9.9,0.0,1.0,0.0,0.0
2023-07-27,78.00581291615465,21.9,0.0,10.0,0,0,21.4,23.2,0.0,0.0,9.0,9.9,0.0,0.0,0.0,0.0
2023-07-28,65.01575420086758,22.1,0.0,10.1,0,0,21.9,23.0,0.0,0.0,10.0,13.4,0.0,0.0,0.0,0.0
2023-07-29,68.6792870909671,22.9,0.0,7.8,0,1,22.1,22.8,0.0,0.0,10.1,12.6,0.0,0.0,0.0,1.0
2023-07-30,65.17472059065534,23.4,0.0,8.0,1,1,22.9,23.0,0.0,0.0,7.8,9.6,0.0,0.0,1.0,1.0
2023-07-31,53.98379081503877,23.0,0.0,8.7,0,0,23.4,22.8,0.0,0.0,8.0,10.9,1.0,0.0,1.0,0.0
2023-08-01,80.06384898418509,22.3,0.0,9.3,0,0,23.0,22.3,0.0,0.0,8.7,10.5,0.0,0.0,0.0,0.0
2023-08-02,65.73327799765565,22.5,0.0,9.6,0,0,22.3,21.4,0.0,0.0,9.3,9.0,0.0,0.0,0.0,0.0
2023-08-03,63.27428184743011,22.5,0.3,9.9,0,0,22.5,21.9,0.0,0.0,9.6,10.0,0.0,0.0,0.0,0.0
2023-08-04,65.06847738125013,22.8,0.0,9.0,0,0,22.5,22.1,0.3,0.0,9.9,10.1,0.0,0.0,0.0,0.0
2023-08-05,74.9229153955858,24.3,0.0,7.8,0,1,22.8,22.9,0.0,0.0,9.0,7.8,0.0,0.0,0.0,1.0
2023-08-06,63.21635956696952,25.2,0.0,12.8,0,1,24.3,23.4,0.0,0.0,7.8,8.0,0.0,1.0,1.0,1.0
2023-08-07,62.97643312639829,23.7,0.0,8.8,0,0,25.2,23.0,0.0,0.0,12.8,8.7,0.0,0.0,1.0,0.0
2023-08-08,83.21696883972956,23.8,0.0,7.9,0,0,23.7,22.3,0.0,0.0,8.8,9.3,0.0,0.0,0.0,0.0
2023-08-09,67.37932406696095,24.2,0.0,11.1,0,0,23.8,22.5,0.0,0.0,7.9,9.6,0.0,0.0,0.0,0.0
2023-08-10,85.58534437822763,25.0,0.0,11.2,0,0,24.2,22.5,0.0,0.3,11.1,9.9,0.0,0.0,0.0,0.0
2023-08-11,65.86080998633292,26.9,0.0,11.7,0,0,25.0,22.8,0.0,0.0,11.2,9.0,0.0,0.0,0.0,0.0
2023-08-12,62.61848379592857,26.0,0.0,11.2,0,1,26.9,24.3,0.0,0.0,11.7,7.8,0.0,0.0,0.0,1.0
2023-08-13,90.42976229937682,24.7,0.0,10.3,0,1,26.0,25.2,0.0,0.0,11.2,12.8,0.0,0.0,1.0,1.0
2023-08-14,67.78868969595987,23.8,0.0,9.8,1,0,24.7,23.7,0.0,0.0,10.3,8.8,0.0,0.0,1.0,0.0
2023-08-15,80.95103222320427,23.3,0.0,8.2,0,0,23.8,23.8,0.0,0.0,9.8,7.9,1.0,0.0,0.0,0.0
2023-08-16,89.16215325409195,22.9,0.0,7.9,0,0,23.3,24.2,0.0,0.0,8.2,11.1,0.0,0.0,0.0,0.0
2023-08-17,86.26725115030098,23.0,0.0,8.2,0,0,22.9,25.0,0.0,0.0,7.9,11.2,0.0,0.0,0.0,0.0
2023-08-18,55.72504380978926,23.3,0.0,9.8,0,0,23.0,26.9,0.0,0.0,8.2,11.7,0.0,0.0,0.0,0.0
2023-08-19,73.78596217074139,24.1,0.0,11.9,0,1,23.3,26.0,0.0,0.0,9.8,11.2,0.0,0.0,0.0,1.0
2023-08-20,60.62680086436743,25.8,0.0,10.2,1,1,24.1,24.7,0.0,0.0,11.9,10.3,0.0,0.0,1.0,1.0
2023-08-21,63.21479449692816,26.9,0.0,8.8,1,0,25.8,23.8,0.0,0.0,10.2,9.8,1.0,1.0,1.0,0.0
2023-08-22,76.82059882823403,27.5,0.0,8.6,0,0,26.9,23.3,0.0,0.0,8.8,8.2,1.0,0.0,0.0,0.0
2023-08-23,74.2796108542111,27.3,0.0,7.8,0,0,27.5,22.9,0.0,0.0,8.6,7.9,0.0,0.0,0.0,0.0
2023-08-24,72.10966958090486,26.8,0.0,6.8,0,0,27.3,23.0,0.0,0.0,7.8,8.2,0.0,0.0,0.0,0.0
2023-08-25,89.4921282846746,27.6,0.0,8.1,0,0,26.8,23.3,0.0,0.0,6.8,9.8,0.0,0.0,0.0,0.0
2023-08-26,94.16283782378436,25.2,0.0,11.9,0,1,27.6,24.1,0.0,0.0,8.1,11.9,0.0,0.0,0.0,1.0
2023-08-27,77.78615064772366,23.2,0.0,16.1,0,1,25.2,25.8,0.0,0.0,11.9,10.2,0.0,1.0,1.0,1.0
2023-08-28,66.83348106308176,22.4,0.0,11.7,0,0,23.2,26.9,0.0,0.0,16.1,8.8,0.0,1.0,1.0,0.0
2023-08-29,94.08715936263536,22.9,0.0,9.0,0,0,22.4,27.5,0.0,0.0,11.7,8.6,0.0,0.0,0.0,0.0
2023-08-30,89.5202705406522,23.0,0.0,9.8,0,0,22.9,27.3,0.0,0.0,9.0,7.8,0.0,0.0,0.0,0.0
2023-08-31,104.2732291525522,22.4,0.0,7.0,0,0,23.0,26.8,0.0,0.0,9.8,6.8,0.0,0.0,0.0,0.0
2023-09-01,85.57681415679826,22.4,0.0,11.7,0,0,22.4,27.6,0.0,0.0,7.0,8.1,0.0,0.0,0.0,0.0
2023-09-02,103.12805966209314,22.0,1.6,10.7,0,1,22.4,25.2,0.0,0.0,11.7,11.9,0.0,0.0,0.0,1.0
2023-09-03,92.88731474675863,20.1,9.1,11.1,0,1,22.0,23.2,1.6,0.0,10.7,16.1,0.0,0.0,1.0,1.0
2023-09-04,78.89469151009759,21.7,0.1,12.3,0,0,20.1,22.4,9.1,0.0,11.1,11.7,0.0,0.0,1.0,0.0
2023-09-05,105.96915220578182,21.7,0.0,7.8,0,0,21.7,22.9,0.1,0.0,12.3,9.0,0.0,0.0,0.0,0.0
2023-09-06,107.35678058291636,22.0,0.0,9.6,0,0,21.7,23.0,0.0,0.0,7.8,9.8,0.0,0.0,0.0,0.0
2023-09-07,99.58222610946136,22.6,0.0,7.5,0,0,22.0,22.4,0.0,0.0,9.6,7.0,0.0,0.0,0.0,0.0
2023-09-08,106.57915734110878,22.3,0.0,7.1,0,0,22.6,22.4,0.0,0.0,7.5,11.7,0.0,0.0,0.0,0.0
2023-09-09,66.39330978880918,22.8,0.1,8.2,0,1,22.3,22.0,0.0,1.6,7.1,10.7,0.0,0.0,0.0,1.0
2023-09-10,65.52103161378471,22.2,0.0,7.7,0,1,22.8,20.1,0.1,9.1,8.2,11.1,0.0,0.0,1.0,1.0
2023-09-11,62.84547736545946,22.4,0.1,7.4,0,0,22.2,21.7,0.0,0.1,7.7,12.3,0.0,0.0,1.0,0.0
2023-09-12,97.20008787315334,22.7,0.6,10.1,0,0,22.4,21.7,0.1,0.0,7.4,7.8,0.0,0.0,0.0,0.0
2023-09-13,81.63912488831264,22.6,0.0,9.1,0,0,22.7,22.0,0.6,0.0,10.1,9.6,0.0,0.0,0.0,0.0
2023-09-14,73.37184198753657,22.5,0.0,7.4,0,0,22.6,22.6,0.0,0.0,9.1,7.5,0.0,0.0,0.0,0.0
2023-09-15,80.0273560193348,22.7,0.4,10.4,0,0,22.5,22.3,0.0,0.0,7.4,7.1,0.0,0.0,0.0,0.0
2023-09-16,84.56958585838655,22.1,0.0,9.3,0,1,22.7,22.8,0.4,0.1,10.4,8.2,0.0,0.0,0.0,1.0
2023-09-17,75.34892275254062,21.3,1.2,9.3,0,1,22.1,22.2,0.0,0.0,9.3,7.7,0.0,0.0,1.0,1.0
2023-09-18,61.89194534559288,21.8,0.3,8.8,0,0,21.3,22.4,1.2,0.1,9.3,7.4,0.0,0.0,1.0,0.0
2023-09-19,93.12448307098568,21.1,0.2,9.8,0,0,21.8,22.7,0.3,0.6,8.8,10.1,0.0,0.0,0.0,0.0
2023-09-20,72.13943149047542,20.4,0.0,8.6,0,0,21.1,22.6,0.2,0.0,9.8,9.1,0.0,0.0,0.0,0.0
2023-09-21,69.63876797051404,20.6,0.0,7.7,0,0,20.4,22.5,0.0,0.0,8.6,7.4,0.0,0.0,0.0,0.0
2023-09-22,68.87222713555927,20.1,0.2,11.7,0,0,20.6,22.7,0.0,0.4,7.7,10.4,0.0,0.0,0.0,0.0
2023-09-23,70.72667590338503,20.5,0.0,11.5,0,1,20.1,22.1,0.2,0.0,11.7,9.3,0.0,0.0,0.0,1.0
2023-09-24,71.65513608054783,21.1,0.0,8.2,0,1,20.5,21.3,0.0,1.2,11.5,9.3,0.0,0.0,1.0,1.0
2023-09-25,57.951170263875305,21.7,0.0,7.4,0,0,21.1,21.8,0.0,0.3,8.2,8.8,0.0,0.0,1.0,0.0
2023-09-26,63.38285213726093,22.3,0.0,8.5,0,0,21.7,21.1,0.0,0.2,7.4,9.8,0.0,0.0,0.0,0.0
2023-09-27,65.04088813037589,22.2,0.0,6.5,1,0,22.3,20.4,0.0,0.0,8.5,8.6,0.0,0.0,0.0,0.0
2023-09-28,59.87034469461631,22.2,0.0,5.8,1,0,22.2,20.6,0.0,0.0,6.5,7.7,1.0,0.0,0.0,0.0
2023-09-29,47.27610014773841,22.8,0.0,6.4,0,0,22.2,20.1,0.0,0.2,5.8,11.7,1.0,0.0,0.0,0.0
2023-09-30,55.03248630174498,22.8,0.0,6.6,0,1,22.8,20.5,0.0,0.0,6.4,11.5,0.0,0.0,0.0,1.0
2023-10-01,73.77570210179341,22.2,0.0,6.0,0,1,22.8,21.1,0.0,0.0,6.6,8.2,0.0,0.0,1.0,1.0
2023-10-02,82.61092487583548,21.4,0.0,5.3,0,0,22.2,21.7,0.0,0.0,6.0,7.4,0.0,0.0,1.0,0.0
2023-10-03,84.6829669851022,22.3,0.0,6.9,0,0,21.4,22.3,0.0,0.0,5.3,8.5,0.0,0.0,0.0,0.0
2023-10-04,80.78899449165056,22.3,0.0,5.3,0,0,22.3,22.2,0.0,0.0,6.9,6.5,0.0,1.0,0.0,0.0
2023-10-05,79.536230207855,21.4,0.0,6.6,0,0,22.3,22.2,0.0,0.0,5.3,5.8,0.0,1.0,0.0,0.0
2023-10-06,61.04151053832761,23.1,0.0,5.8,0,0,21.4,22.8,0.0,0.0,6.6,6.4,0.0,0.0,0.0,0.0
2023-10-07,78.47771621138736,23.8,0.0,6.0,0,1,23.1,22.8,0.0,0.0,5.8,6.6,0.0,0.0,0.0,1.0
2023-10-08,62.78806585215696,22.7,0.0,6.1,0,1,23.8,22.2,0.0,0.0,6.0,6.0,0.0,0.0,1.0,1.0
2023-10-09,74.6507945642158,21.9,0.0,5.8,0,0,22.7,21.4,0.0,0.0,6.1,5.3,0.0,0.0,1.0,0.0
2023-10-10,92.56558767288728,21.9,0.0,8.6,0,0,21.9,22.3,0.0,0.0,5.8,6.9,0.0,0.0,0.0,0.0
2023-10-11,102.79316022466708,21.7,0.0,8.9,0,0,21.9,22.3,0.0,0.0,8.6,5.3,0.0,0.0,0.0,0.0
2023-10-12,98.82244513343883,21.3,0.0,8.2,0,0,21.7,21.4,0.0,0.0,8.9,6.6,0.0,0.0,0.0,0.0
2023-10-13,91.39055567252382,21.5,0.0,7.3,0,0,21.3,23.1,0.0,0.0,8.2,5.8,0.0,0.0,0.0,0.0
2023-10-14,72.38920520203926,24.3,0.0,9.2,0,1,21.5,23.8,0.0,0.0,7.3,6.0,0.0,0.0,0.0,1.0
2023-10-15,83.93440678544802,24.2,0.0,7.1,0,1,24.3,22.7,0.0,0.0,9.2,6.1,0.0,0.0,1.0,1.0
2023-10-16,80.63226750510584,23.1,0.2,7.4,0,0,24.2,21.9,0.0,0.0,7.1,5.8,0.0,0.0,1.0,0.0
2023-10-17,91.44194208143904,25.4,0.0,18.0,0,0,23.1,21.9,0.2,0.0,7.4,8.6,0.0,0.0,0.0,0.0
2023-10-18,76.62073635799693,22.9,0.0,14.5,0,0,25.4,21.7,0.0,0.0,18.0,8.9,0.0,0.0,0.0,0.0
2023-10-19,72.46223022166562,22.7,26.2,25.4,0,0,22.9,21.3,0.0,0.0,14.5,8.2,0.0,0.0,0.0,0.0
2023-10-20,73.31211688556766,20.0,5.7,11.8,0,0,22.7,21.5,26.2,0.0,25.4,7.3,0.0,0.0,0.0,0.0
2023-10-21,78.2794374679683,18.9,0.6,6.9,0,1,20.0,24.3,5.7,0.0,11.8,9.2,0.0,0.0,0.0,1.0
2023-10-22,70.75382435830784,20.6,1.7,24.6,0,1,18.9,24.2,0.6,0.0,6.9,7.1,0.0,0.0,1.0,1.0
2023-10-23,87.71140852826483,18.2,3.1,15.6,0,0,20.6,23.1,1.7,0.2,24.6,7.4,0.0,0.0,1.0,0.0
2023-10-24,72.32942612393848,18.0,0.1,8.7,0,0,18.2,25.4,3.1,0.0,15.6,18.0,0.0,0.0,0.0,0.0
2023-10-25,87.67696438774689,18.4,0.0,8.3,0,0,18.0,22.9,0.1,0.0,8.7,14.5,0.0,0.0,0.0,0.0
2023-10-26,75.88850646944582,19.1,0.1,7.8,0,0,18.4,22.7,0.0,26.2,8.3,25.4,0.0,0.0,0.0,0.0
2023-10-27,55.476241288324175,19.8,3.7,9.1,0,0,19.1,20.0,0.1,5.7,7.8,11.8,0.0,0.0,0.0,0.0
2023-10-28,84.09495909445388,19.3,0.6,8.0,0,1,19.8,18.9,3.7,0.6,9.1,6.9,0.0,0.0,0.0,1.0
2023-10-29,89.55406999929218,18.4,0.4,7.7,0,1,19.3,20.6,0.6,1.7,8.0,24.6,0.0,0.0,1.0,1.0
2023-10-30,57.11837954840101,19.8,5.4,14.2,0,0,18.4,18.2,0.4,3.1,7.7,15.6,0.0,0.0,1.0,0.0
2023-10-31,87.26802136612393,19.5,0.2,10.0,0,0,19.8,18.0,5.4,0.1,14.2,8.7,0.0,0.0,0.0,0.0
2023-11-01,71.26458758540451,19.5,1.6,6.8,0,0,19.5,18.4,0.2,0.0,10.0,8.3,0.0,0.0,0.0,0.0
2023-11-02,71.0195641438189,19.1,0.1,11.5,0,0,19.5,19.1,1.6,0.1,6.8,7.8,0.0,0.0,0.0,0.0
2023-11-03,56.33543760390864,19.1,3.2,9.0,0,0,19.1,19.8,0.1,3.7,11.5,9.1,0.0,0.0,0.0,0.0
2023-11-04,72.99422961919362,17.7,0.0,8.1,0,1,19.1,19.3,3.2,0.6,9.0,8.0,0.0,0.0,0.0,1.0
2023-11-05,64.25509043601875,17.9,1.5,10.6,0,1,17.7,18.4,0.0,0.4,8.1,7.7,0.0,0.0,1.0,1.0
2023-11-06,60.922935950508304,17.5,1.2,14.5,1,0,17.9,19.8,1.5,5.4,10.6,14.2,0.0,0.0,1.0,0.0
2023-11-07,65.46637057924558,15.7,0.3,15.8,0,0,17.5,19.5,1.2,0.2,14.5,10.0,1.0,0.0,0.0,0.0
2023-11-08,75.73095537782746,14.9,0.0,13.4,0,0,15.7,19.5,0.3,1.6,15.8,6.8,0.0,0.0,0.0,0.0
2023-11-09,76.62176246789608,16.0,0.0,9.0,0,0,14.9,19.1,0.0,0.1,13.4,11.5,0.0,0.0,0.0,0.0
2023-11-10,81.60729653476972,18.3,0.0,7.6,0,0,16.0,19.1,0.0,3.2,9.0,9.0,0.0,0.0,0.0,0.0
2023-11-11,68.69306650577936,18.4,0.0,9.7,0,1,18.3,17.7,0.0,0.0,7.6,8.1,0.0,0.0,0.0,1.0
2023-11-12,95.74022156101256,17.9,0.0,12.8,0,1,18.4,17.9,0.0,1.5,9.7,10.6,0.0,0.0,1.0,1.0
2023-11-13,83.08939054685192,17.8,0.0,6.7,0,0,17.9,17.5,0.0,1.2,12.8,14.5,0.0,1.0,1.0,0.0
2023-11-14,82.29408008043612,18.2,0.0,4.9,0,0,17.8,15.7,0.0,0.3,6.7,15.8,0.0,0.0,0.0,0.0
2023-11-15,87.20590619973858,17.1,0.0,7.4,0,0,18.2,14.9,0.0,0.0,4.9,13.4,0.0,0.0,0.0,0.0
2023-11-16,85.26018412809428,16.6,0.0,7.4,0,0,17.1,16.0,0.0,0.0,7.4,9.0,0.0,0.0,0.0,0.0
2023-11-17,77.35613600699197,16.9,0.0,6.6,0,0,16.6,18.3,0.0,0.0,7.4,7.6,0.0,0.0,0.0,0.0
2023-11-18,72.29389098805858,16.3,0.0,6.1,1,1,16.9,18.4,0.0,0.0,6.6,9.7,0.0,0.0,0.0,1.0
2023-11-19,87.37727687474687,16.0,0.0,6.8,0,1,16.3,17.9,0.0,0.0,6.1,12.8,1.0,0.0,1.0,1.0
2023-11-20,78.33765049137459,15.8,0.0,4.9,0,0,16.0,17.8,0.0,0.0,6.8,6.7,0.0,0.0,1.0,0.0
2023-11-21,79.69115268053471,17.5,0.0,7.4,0,0,15.8,18.2,0.0,0.0,4.9,4.9,0.0,0.0,0.0,0.0
2023-11-22,85.98118495636595,15.9,0.1,8.6,0,0,17.5,17.1,0.0,0.0,7.4,7.4,0.0,0.0,0.0,0.0
2023-11-23,82.31508394363854,13.9,0.0,9.4,0,0,15.9,16.6,0.1,0.0,8.6,7.4,0.0,0.0,0.0,0.0
2023-11-24,83.54070491572831,13.9,0.0,9.4,0,0,13.9,16.9,0.0,0.0,9.4,6.6,0.0,0.0,0.0,0.0
2023-11-25,82.42407758401357,14.3,0.0,6.8,0,1,13.9,16.3,0.0,0.0,9.4,6.1,0.0,1.0,0.0,1.0
2023-11-26,79.6723472134276,14.0,0.0,7.8,0,1,14.3,16.0,0.0,0.0,6.8,6.8,0.0,0.0,1.0,1.0
2023-11-27,84.05776733032866,14.4,0.0,7.3,0,0,14.0,15.8,0.0,0.0,7.8,4.9,0.0,0.0,1.0,0.0
2023-11-28,86.06920610924054,15.2,0.0,7.7,0,0,14.4,17.5,0.0,0.0,7.3,7.4,0.0,0.0,0.0,0.0
2023-11-29,93.01636583518524,15.8,0.0,8.5,0,0,15.2,15.9,0.0,0.1,7.7,8.6,0.0,0.0,0.0,0.0
2023-11-30,83.5255218918139,17.0,0.0,12.5,0,0,15.8,13.9,0.0,0.0,8.5,9.4,0.0,0.0,0.0,0.0
2023-12-01,85.56590650124214,16.9,14.8,17.3,0,0,17.0,13.9,0.0,0.0,12.5,9.4,0.0,0.0,0.0,0.0
2023-12-02,85.895966139633,13.9,0.3,6.9,0,1,16.9,14.3,14.8,0.0,17.3,6.8,0.0,0.0,0.0,1.0
2023-12-03,77.79226838240135,13.4,0.0,10.5,0,1,13.9,14.0,0.3,0.0,6.9,7.8,0.0,0.0,1.0,1.0
2023-12-04,89.93461956542428,12.4,0.0,6.6,0,0,13.4,14.4,0.0,0.0,10.5,7.3,0.0,0.0,1.0,0.0
2023-12-05,69.10579069458687,16.4,6.3,15.0,0,0,12.4,15.2,0.0,0.0,6.6,7.7,0.0,0.0,0.0,0.0
2023-12-06,94.1784393081639,17.4,3.4,18.9,0,0,16.4,15.8,6.3,0.0,15.0,8.5,0.0,0.0,0.0,0.0
2023-12-07,95.56858705883832,17.1,0.6,7.5,0,0,17.4,17.0,3.4,0.0,18.9,12.5,0.0,0.0,0.0,0.0
2023-12-08,81.01434316863612,16.2,0.0,7.6,0,0,17.1,16.9,0.6,14.8,7.5,17.3,0.0,0.0,0.0,0.0
2023-12-09,88.41917625238949,16.7,0.0,11.6,0,1,16.2,13.9,0.0,0.3,7.6,6.9,0.0,0.0,0.0,1.0
2023-12-10,77.43136745327044,17.2,0.0,9.2,0,1,16.7,13.4,0.0,0.0,11.6,10.5,0.0,0.0,1.0,1.0
2023-12-11,68.02334832931983,16.9,0.0,6.2,0,0,17.2,12.4,0.0,0.0,9.2,6.6,0.0,0.0,1.0,0.0
2023-12-12,94.08232535925418,16.1,0.0,6.8,0,0,16.9,16.4,0.0,6.3,6.2,15.0,0.0,0.0,0.0,0.0
2023-12-13,89.96342883335768,15.4,1.6,9.5,0,0,16.1,17.4,0.0,3.4,6.8,18.9,0.0,0.0,0.0,0.0
2023-12-14,77.20290017469716,14.0,0.0,15.6,0,0,15.4,17.1,1.6,0.6,9.5,7.5,0.0,0.0,0.0,0.0
2023-12-15,69.51714233642694,11.9,0.0,7.8,0,0,14.0,16.2,0.0,0.0,15.6,7.6,0.0,0.0,0.0,0.0
2023-12-16,69.55452991882686,13.2,0.0,6.7,0,1,11.9,16.7,0.0,0.0,7.8,11.6,0.0,0.0,0.0,1.0
2023-12-17,67.23335346292804,12.1,0.0,7.0,0,1,13.2,17.2,0.0,0.0,6.7,9.2,0.0,0.0,1.0,1.0
2023-12-18,65.38573606037856,13.5,0.0,14.9,0,0,12.1,16.9,0.0,0.0,7.0,6.2,0.0,0.0,1.0,0.0
2023-12-19,79.59186936634646,11.6,0.0,9.1,0,0,13.5,16.1,0.0,0.0,14.9,6.8,0.0,0.0,0.0,0.0
2023-12-20,66.84113202820028,12.1,4.5,8.3,0,0,11.6,15.4,0.0,1.6,9.1,9.5,0.0,0.0,0.0,0.0
2023-12-21,68.21075007583543,13.0,0.6,7.0,0,0,12.1,14.0,4.5,0.0,8.3,15.6,0.0,0.0,0.0,0.0
2023-12-22,69.9764783303497,12.7,0.0,6.6,0,0,13.0,11.9,0.6,0.0,7.0,7.8,0.0,0.0,0.0,0.0
2023-12-23,80.57506341488302,13.1,0.0,7.8,0,1,12.7,13.2,0.0,0.0,6.6,6.7,0.0,0.0,0.0,1.0
2023-12-24,78.69170312970793,11.8,0.0,7.3,0,1,13.1,12.1,0.0,0.0,7.8,7.0,0.0,0.0,1.0,1.0
2023-12-25,71.4230114585199,12.1,0.0,8.9,0,0,11.8,13.5,0.0,0.0,7.3,14.9,0.0,0.0,1.0,0.0
2023-12-26,81.75503476334606,12.9,0.0,11.6,0,0,12.1,11.6,0.0,0.0,8.9,9.1,0.0,0.0,0.0,0.0
2023-12-27,68.76865789174343,11.9,0.0,9.9,0,0,12.9,12.1,0.0,4.5,11.6,8.3,0.0,0.0,0.0,0.0
2023-12-28,79.69494971968221,11.2,0.0,6.0,0,0,11.9,13.0,0.0,0.6,9.9,7.0,0.0,0.0,0.0,0.0
2023-12-29,74.17950216241977,14.1,0.0,10.3,0,0,11.2,12.7,0.0,0.0,6.0,6.6,0.0,0.0,0.0,0.0
2023-12-30,71.14133420149965,13.9,0.0,9.0,0,1,14.1,13.1,0.0,0.0,10.3,7.8,0.0,0.0,0.0,1.0
2023-12-31,67.72846387195744,12.3,0.0,6.3,0,1,13.9,11.8,0.0,0.0,9.0,7.3,0.0,0.0,1.0,1.0
2024-01-01,70.198193263857,14.1,0.2,7.3,1,0,12.3,12.1,0.0,0.0,6.3,8.9,0.0,0.0,1.0,0.0
2024-01-02,57.63862484278861,13.7,0.0,7.2,0,0,14.1,12.9,0.2,0.0,7.3,11.6,1.0,0.0,0.0,0.0
2024-01-03,55.22948537940108,15.4,0.0,7.8,0,0,13.7,11.9,0.0,0.0,7.2,9.9,0.0,0.0,0.0,0.0
2024-01-04,74.83024173010205,15.8,2.2,13.3,0,0,15.4,11.2,0.0,0.0,7.8,6.0,0.0,0.0,0.0,0.0
2024-01-05,81.662678574852,15.0,1.9,11.4,0,0,15.8,14.1,2.2,0.0,13.3,10.3,0.0,0.0,0.0,0.0
2024-01-06,86.68301718552546,13.0,0.0,12.6,0,1,15.0,13.9,1.9,0.0,11.4,9.0,0.0,0.0,0.0,1.0
2024-01-07,67.37334617693904,11.0,0.0,10.3,0,1,13.0,12.3,0.0,0.0,12.6,6.3,0.0,0.0,1.0,1.0
2024-01-08,77.65760589565903,10.7,0.0,5.6,0,0,11.0,14.1,0.0,0.2,10.3,7.3,0.0,1.0,1.0,0.0
2024-01-09,77.10392339005952,14.9,2.2,10.9,0,0,10.7,13.7,0.0,0.0,5.6,7.2,0.0,0.0,0.0,0.0
2024-01-10,68.19730550735113,15.4,1.6,7.4,0,0,14.9,15.4,2.2,0.0,10.9,7.8,0.0,0.0,0.0,0.0
2024-01-11,53.7244516165086,14.1,0.0,8.8,1,0,15.4,15.8,1.6,2.2,7.4,13.3,0.0,0.0,0.0,0.0
2024-01-12,58.41087532359207,16.2,0.0,8.6,0,0,14.1,15.0,0.0,1.9,8.8,11.4,1.0,0.0,0.0,0.0
2024-01-13,70.86796979691991,18.3,0.0,13.6,1,1,16.2,13.0,0.0,0.0,8.6,12.6,0.0,0.0,0.0,1.0
2024-01-14,60.54611392757675,16.6,0.0,8.9,0,1,18.3,11.0,0.0,0.0,13.6,10.3,1.0,0.0,1.0,1.0
2024-01-15,59.38073255129127,17.5,0.0,12.4,0,0,16.6,10.7,0.0,0.0,8.9,5.6,0.0,0.0,1.0,0.0
2024-01-16,69.6658047160627,17.4,5.3,20.5,0,0,17.5,14.9,0.0,2.2,12.4,10.9,0.0,0.0,0.0,0.0
2024-01-17,72.31227349927501,19.3,0.4,21.1,0,0,17.4,15.4,5.3,1.6,20.5,7.4,0.0,0.0,0.0,0.0
2024-01-18,67.13932813406937,17.2,0.0,11.1,0,0,19.3,14.1,0.4,0.0,21.1,8.8,0.0,1.0,0.0,0.0
2024-01-19,60.74178746829758,15.7,20.7,21.1,0,0,17.2,16.2,0.0,0.0,11.1,8.6,0.0,0.0,0.0,0.0
2024-01-20,75.612842586075,14.3,0.4,10.1,0,1,15.7,18.3,20.7,0.0,21.1,13.6,0.0,1.0,0.0,1.0
2024-01-21,60.53537691840872,13.3,0.0,10.5,0,1,14.3,16.6,0.4,0.0,10.1,8.9,0.0,0.0,1.0,1.0
2024-01-22,57.0673942096099,12.5,0.0,8.5,0,0,13.3,17.5,0.0,0.0,10.5,12.4,0.0,0.0,1.0,0.0
2024-01-23,70.06382187834514,12.9,0.0,5.5,0,0,12.5,17.4,0.0,5.3,8.5,20.5,0.0,0.0,0.0,0.0
2024-01-24,69.81524821417513,12.9,0.0,5.0,0,0,12.9,19.3,0.0,0.4,5.5,21.1,0.0,0.0,0.0,0.0
2024-01-25,63.10560108049557,14.0,0.0,6.3,0,0,12.9,17.2,0.0,0.0,5.0,11.1,0.0,0.0,0.0,0.0
2024-01-26,54.3068194786988,13.6,0.0,5.2,0,0,14.0,15.7,0.0,20.7,6.3,21.1,0.0,0.0,0.0,0.0
2024-01-27,81.11344205335065,13.9,0.0,6.2,0,1,13.6,14.3,0.0,0.4,5.2,10.1,0.0,0.0,0.0,1.0
2024-01-28,79.33785206791495,14.2,0.0,6.6,0,1,13.9,13.3,0.0,0.0,6.2,10.5,0.0,0.0,1.0,1.0
2024-01-29,53.97648263899238,15.4,0.0,6.7,0,0,14.2,12.5,0.0,0.0,6.6,8.5,0.0,0.0,1.0,0.0
2024-01-30,69.99961346528372,14.7,0.0,8.3,0,0,15.4,12.9,0.0,0.0,6.7,5.5,0.0,0.0,0.0,0.0
2024-01-31,60.753280194318464,14.0,0.0,6.5,0,0,14.7,12.9,0.0,0.0,8.3,5.0,0.0,0.0,0.0,0.0
2024-02-01,65.067883083878,13.9,0.0,6.0,0,0,14.0,14.0,0.0,0.0,6.5,6.3,0.0,0.0,0.0,0.0
2024-02-02,69.08654823091793,13.5,0.0,6.0,0,0,13.9,13.6,0.0,0.0,6.0,5.2,0.0,0.0,0.0,0.0
2024-02-03,69.79772816449866,13.2,0.0,6.3,0,1,13.5,13.9,0.0,0.0,6.0,6.2,0.0,0.0,0.0,1.0
2024-02-04,53.994591585877984,12.9,0.0,4.9,0,1,13.2,14.2,0.0,0.0,6.3,6.6,0.0,0.0,1.0,1.0
2024-02-05,59.466875625743,13.8,0.0,5.1,0,0,12.9,15.4,0.0,0.0,4.9,6.7,0.0,0.0,1.0,0.0
2024-02-06,74.0576059578128,14.3,0.0,7.2,0,0,13.8,14.7,0.0,0.0,5.1,8.3,0.0,0.0,0.0,0.0
2024-02-07,70.39921722395378,13.5,0.0,7.6,0,0,14.3,14.0,0.0,0.0,7.2,6.5,0.0,0.0,0.0,0.0
2024-02-08,75.60292845887767,18.4,0.4,20.6,0,0,13.5,13.9,0.0,0.0,7.6,6.0,0.0,0.0,0.0,0.0
2024-02-09,63.7940810677781,17.3,20.2,35.0,0,0,18.4,13.5,0.4,0.0,20.6,6.0,0.0,0.0,0.0,0.0
2024-02-10,73.85900948124497,16.0,1.2,17.7,0,1,17.3,13.2,20.2,0.0,35.0,6.3,0.0,0.0,0.0,1.0
2024-02-11,69.26392410146417,16.5,0.0,14.4,0,1,16.0,12.9,1.2,0.0,17.7,4.9,0.0,0.0,1.0,1.0
2024-02-12,60.1773392855767,17.3,0.0,8.5,0,0,16.5,13.8,0.0,0.0,14.4,5.1,0.0,0.0,1.0,0.0
2024-02-13,70.92936200382672,16.0,0.0,10.3,0,0,17.3,14.3,0.0,0.0,8.5,7.2,0.0,0.0,0.0,0.0
2024-02-14,74.28549711838365,21.2,0.0,8.7,0,0,16.0,13.5,0.0,0.0,10.3,7.6,0.0,0.0,0.0,0.0
2024-02-15,68.58439212179839,18.5,1.1,13.7,0,0,21.2,18.4,0.0,0.4,8.7,20.6,0.0,0.0,0.0,0.0
2024-02-16,80.7675553928235,16.7,0.0,13.3,0,0,18.5,17.3,1.1,20.2,13.7,35.0,0.0,0.0,0.0,0.0
2024-02-17,77.08994013593842,15.7,0.0,14.0,0,1,16.7,16.0,0.0,1.2,13.3,17.7,0.0,0.0,0.0,1.0
2024-02-18,68.05076495429063,16.1,0.0,17.8,0,1,15.7,16.5,0.0,0.0,14.0,14.4,0.0,0.0,1.0,1.0
2024-02-19,52.93175696235208,15.0,0.0,6.6,0,0,16.1,17.3,0.0,0.0,17.8,8.5,0.0,0.0,1.0,0.0
2024-02-20,69.58022301905584,16.8,0.0,7.8,0,0,15.0,16.0,0.0,0.0,6.6,10.3,0.0,0.0,0.0,0.0
2024-02-21,73.19397935349582,15.8,0.0,6.7,0,0,16.8,21.2,0.0,0.0,7.8,8.7,0.0,0.0,0.0,0.0
2024-02-22,66.64059904169471,15.6,0.2,8.9,0,0,15.8,18.5,0.0,1.1,6.7,13.7,0.0,0.0,0.0,0.0
2024-02-23,55.60921330200821,14.9,6.2,12.6,0,0,15.6,16.7,0.2,0.0,8.9,13.3,0.0,0.0,0.0,0.0
2024-02-24,69.7014262256418,13.9,3.8,8.1,0,1,14.9,15.7,6.2,0.0,12.6,14.0,0.0,0.0,0.0,1.0
2024-02-25,67.6109074463652,13.5,0.0,7.7,0,1,13.9,16.1,3.8,0.0,8.1,17.8,0.0,0.0,1.0,1.0
2024-02-26,58.68414189811576,14.2,4.7,17.4,0,0,13.5,15.0,0.0,0.0,7.7,6.6,0.0,0.0,1.0,0.0
2024-02-27,68.49268183202467,13.3,0.3,17.3,0,0,14.2,16.8,4.7,0.0,17.4,7.8,0.0,0.0,0.0,0.0
2024-02-28,73.18932963333525,12.0,0.0,9.9,0,0,13.3,15.8,0.3,0.0,17.3,6.7,0.0,0.0,0.0,0.0
2024-02-29,73.256970495574,13.1,0.1,10.7,0,0,12.0,15.6,0.0,0.2,9.9,8.9,0.0,0.0,0.0,0.0
2024-03-01,80.1534265652551,13.3,0.3,14.7,0,0,13.1,14.9,0.1,6.2,10.7,12.6,0.0,0.0,0.0,0.0
2024-03-02,84.66301702623242,13.5,0.0,9.3,0,1,13.3,13.9,0.3,3.8,14.7,8.1,0.0,0.0,0.0,1.0
2024-03-03,68.94651030127588,14.1,2.8,11.5,0,1,13.5,13.5,0.0,0.0,9.3,7.7,0.0,0.0,1.0,1.0
2024-03-04,58.052519883435366,13.9,0.0,8.7,0,0,14.1,14.2,2.8,4.7,11.5,17.4,0.0,0.0,1.0,0.0
2024-03-05,68.23200455534061,14.4,0.7,13.5,0,0,13.9,13.3,0.0,0.3,8.7,17.3,0.0,0.0,0.0,0.0
2024-03-06,61.60651924976576,13.8,0.0,9.0,0,0,14.4,12.0,0.7,0.0,13.5,9.9,0.0,0.0,0.0,0.0
2024-03-07,74.47672599186109,13.7,10.8,18.1,0,0,13.8,13.1,0.0,0.1,9.0,10.7,0.0,0.0,0.0,0.0
2024-03-08,65.47213483668509,14.3,0.3,18.2,0,0,13.7,13.3,10.8,0.3,18.1,14.7,0.0,0.0,0.0,0.0
2024-03-09,76.25138514031549,14.9,13.7,28.3,0,1,14.3,13.5,0.3,0.0,18.2,9.3,0.0,0.0,0.0,1.0
2024-03-10,89.86950151127337,14.7,2.2,15.3,0,1,14.9,14.1,13.7,2.8,28.3,11.5,0.0,0.0,1.0,1.0
2024-03-11,72.78894543048875,13.6,0.0,11.8,0,0,14.7,13.9,2.2,0.0,15.3,8.7,0.0,0.0,1.0,0.0
2024-03-12,74.67478702233646,13.8,0.0,9.2,0,0,13.6,14.4,0.0,0.7,11.8,13.5,0.0,0.0,0.0,0.0
2024-03-13,65.29156185477274,15.4,1.7,11.3,0,0,13.8,13.8,0.0,0.0,9.2,9.0,0.0,0.0,0.0,0.0
2024-03-14,66.438772323806,16.1,0.0,9.1,0,0,15.4,13.7,1.7,10.8,11.3,18.1,0.0,0.0,0.0,0.0
2024-03-15,59.30151623095525,15.9,0.0,8.7,0,0,16.1,14.3,0.0,0.3,9.1,18.2,0.0,0.0,0.0,0.0
2024-03-16,65.66331538286202,17.3,0.0,8.0,0,1,15.9,14.9,0.0,13.7,8.7,28.3,0.0,0.0,0.0,1.0
2024-03-17,66.77194164316941,20.3,0.0,8.7,0,1,17.3,14.7,0.0,2.2,8.0,15.3,0.0,0.0,1.0,1.0
2024-03-18,58.95413177638131,20.4,0.0,10.4,0,0,20.3,13.6,0.0,0.0,8.7,11.8,0.0,0.0,1.0,0.0
2024-03-19,70.16123771692637,18.5,0.0,9.5,0,0,20.4,13.8,0.0,0.0,10.4,9.2,0.0,0.0,0.0,0.0
2024-03-20,64.22156835325437,16.8,1.5,9.6,0,0,18.5,15.4,0.0,1.7,9.5,11.3,0.0,0.0,0.0,0.0
2024-03-21,60.39232895988213,15.5,2.0,5.1,0,0,16.8,16.1,1.5,0.0,9.6,9.1,0.0,0.0,0.0,0.0
2024-03-22,59.87884144936527,15.9,1.1,10.9,0,0,15.5,15.9,2.0,0.0,5.1,8.7,0.0,0.0,0.0,0.0
2024-03-23,60.76064438407872,16.1,0.8,9.8,0,1,15.9,17.3,1.1,0.0,10.9,8.0,0.0,0.0,0.0,1.0
2024-03-24,60.22579435265839,17.5,1.0,16.9,0,1,16.1,20.3,0.8,0.0,9.8,8.7,0.0,0.0,1.0,1.0
2024-03-25,55.99107837560489,15.5,12.7,23.0,0,0,17.5,20.4,1.0,0.0,16.9,10.4,0.0,0.0,1.0,0.0
2024-03-26,61.91362906025299,13.5,8.8,24.2,0,0,15.5,18.5,12.7,0.0,23.0,9.5,0.0,0.0,0.0,0.0
2024-03-27,61.94642104737692,15.1,0.7,22.0,0,0,13.5,16.8,8.8,1.5,24.2,9.6,0.0,0.0,0.0,0.0
2024-03-28,67.39317222893436,17.0,0.0,22.8,0,0,15.1,15.5,0.7,2.0,22.0,5.1,0.0,0.0,0.0,0.0
2024-03-29,59.90431612733049,15.1,13.4,25.8,0,0,17.0,15.9,0.0,1.1,22.8,10.9,0.0,0.0,0.0,0.0
2024-03-30,61.95833456104543,14.8,15.7,30.8,0,1,15.1,16.1,13.4,0.8,25.8,9.8,0.0,0.0,0.0,1.0
2024-03-31,70.88568159726555,16.8,10.7,29.1,0,1,14.8,17.5,15.7,1.0,30.8,16.9,0.0,0.0,1.0,1.0
2024-04-01,73.598152,15.4,1.4,9.5,0,0,16.8,15.5,10.7,12.7,29.1,23.0,0.0,0.0,1.0,0.0
2024-04-02,60.15801257005912,15.0,0.0,7.8,0,0,15.4,13.5,1.4,8.8,9.5,24.2,0.0,0.0,0.0,0.0
2024-04-03,63.69219091785505,15.2,0.0,11.1,0,0,15.0,15.1,0.0,0.7,7.8,22.0,0.0,0.0,0.0,0.0
2024-04-04,60.21391099555665,16.8,0.0,9.7,0,0,15.2,17.0,0.0,0.0,11.1,22.8,0.0,0.0,0.0,0.0
2024-04-05,58.35304888464795,22.0,0.0,5.8,0,0,16.8,15.1,0.0,13.4,9.7,25.8,0.0,0.0,0.0,0.0
2024-04-06,55.02463833315008,19.7,0.0,8.0,0,1,22.0,14.8,0.0,15.7,5.8,30.8,0.0,0.0,0.0,1.0
2024-04-07,61.040820177941896,17.8,0.7,11.7,0,1,19.7,16.8,0.0,10.7,8.0,29.1,0.0,0.0,1.0,1.0
2024-04-08,50.67767708386745,17.1,0.0,8.5,0,0,17.8,15.4,0.7,1.4,11.7,9.5,0.0,0.0,1.0,0.0
2024-04-09,44.88206298259226,16.6,0.4,20.4,0,0,17.1,15.0,0.0,0.0,8.5,7.8,0.0,0.0,0.0,0.0
2024-04-10,45.427654431363685,17.7,0.0,14.5,1,0,16.6,15.2,0.4,0.0,20.4,11.1,0.0,0.0,0.0,0.0
2024-04-11,43.577302586811165,18.9,0.0,12.0,1,0,17.7,16.8,0.0,0.0,14.5,9.7,1.0,0.0,0.0,0.0
2024-04-12,45.319080368348274,22.7,0.0,23.0,0,0,18.9,22.0,0.0,0.0,12.0,5.8,1.0,0.0,0.0,0.0
2024-04-13,45.43345758282619,22.0,0.0,19.5,0,1,22.7,19.7,0.0,0.0,23.0,8.0,0.0,0.0,0.0,1.0
2024-04-14,52.9845201427163,21.7,0.0,12.3,0,1,22.0,17.8,0.0,0.7,19.5,11.7,0.0,0.0,1.0,1.0
2024-04-15,62.07567190476068,19.3,0.0,10.4,0,0,21.7,17.1,0.0,0.0,12.3,8.5,0.0,0.0,1.0,0.0
2024-04-16,59.36082928895527,19.2,0.0,7.9,0,0,19.3,16.6,0.0,0.4,10.4,20.4,0.0,0.0,0.0,0.0
2024-04-17,62.56699864630036,17.9,0.0,7.1,0,0,19.2,17.7,0.0,0.0,7.9,14.5,0.0,1.0,0.0,0.0
2024-04-18,61.1263123638804,16.2,0.0,7.6,0,0,17.9,18.9,0.0,0.0,7.1,12.0,0.0,1.0,0.0,0.0
2024-04-19,59.07984655992258,17.2,0.0,9.6,0,0,16.2,22.7,0.0,0.0,7.6,23.0,0.0,0.0,0.0,0.0
2024-04-20,57.25844205593725,17.5,0.2,10.3,0,1,17.2,22.0,0.0,0.0,9.6,19.5,0.0,0.0,0.0,1.0
2024-04-21,63.15191264307076,16.8,0.0,8.6,0,1,17.5,21.7,0.2,0.0,10.3,12.3,0.0,0.0,1.0,1.0
2024-04-22,57.12559192812046,18.2,0.0,12.7,0,0,16.8,19.3,0.0,0.0,8.6,10.4,0.0,0.0,1.0,0.0
2024-04-23,62.34475335429549,18.5,0.0,10.1,0,0,18.2,19.2,0.0,0.0,12.7,7.9,0.0,0.0,0.0,0.0
2024-04-24,51.05071317838146,17.8,0.0,11.9,0,0,18.5,17.9,0.0,0.0,10.1,7.1,0.0,0.0,0.0,0.0
2024-04-25,68.68122480962603,17.4,0.0,11.3,0,0,17.8,16.2,0.0,0.0,11.9,7.6,0.0,0.0,0.0,0.0
2024-04-26,60.347407066857805,17.0,0.6,9.7,0,0,17.4,17.2,0.0,0.0,11.3,9.6,0.0,0.0,0.0,0.0
2024-04-27,58.54462878769425,15.3,5.7,13.8,0,1,17.0,17.5,0.6,0.2,9.7,10.3,0.0,0.0,0.0,1.0
2024-04-28,65.01871367950127,14.5,1.6,9.4,0,1,15.3,16.8,5.7,0.0,13.8,8.6,0.0,0.0,1.0,1.0
2024-04-29,61.29107038578008,14.5,2.6,9.4,0,0,14.5,18.2,1.6,0.0,9.4,12.7,0.0,0.0,1.0,0.0
2024-04-30,63.64730155965973,15.6,1.0,9.1,0,0,14.5,18.5,2.6,0.0,9.4,10.1,0.0,0.0,0.0,0.0
2024-05-01,65.40877799143239,16.3,0.5,11.2,1,0,15.6,17.8,1.0,0.0,9.1,11.9,0.0,0.0,0.0,0.0
2024-05-02,51.44913020957205,16.0,0.6,14.9,0,0,16.3,17.4,0.5,0.0,11.2,11.3,1.0,0.0,0.0,0.0
2024-05-03,68.78269290903465,15.8,0.0,14.4,0,0,16.0,17.0,0.6,0.6,14.9,9.7,0.0,0.0,0.0,0.0
2024-05-04,66.16321734271293,16.5,0.0,10.6,0,1,15.8,15.3,0.0,5.7,14.4,13.8,0.0,0.0,0.0,1.0
2024-05-05,65.94287980068337,17.5,0.0,11.5,0,1,16.5,14.5,0.0,1.6,10.6,9.4,0.0,0.0,1.0,1.0
2024-05-06,71.11357622415872,18.5,0.0,12.8,0,0,17.5,14.5,0.0,2.6,11.5,9.4,0.0,0.0,1.0,0.0
2024-05-07,68.51194019436656,18.5,0.0,13.9,0,0,18.5,15.6,0.0,1.0,12.8,9.1,0.0,0.0,0.0,0.0
2024-05-08,78.04748264509048,19.4,0.0,7.4,0,0,18.5,16.3,0.0,0.5,13.9,11.2,0.0,1.0,0.0,0.0
2024-05-09,85.7396222031554,19.8,0.0,7.1,0,0,19.4,16.0,0.0,0.6,7.4,14.9,0.0,0.0,0.0,0.0
2024-05-10,75.19410490993229,20.4,0.0,9.2,0,0,19.8,15.8,0.0,0.0,7.1,14.4,0.0,0.0,0.0,0.0
2024-05-11,72.77628158866962,19.6,0.0,12.0,0,1,20.4,16.5,0.0,0.0,9.2,10.6,0.0,0.0,0.0,1.0
2024-05-12,62.43108779624403,19.1,0.2,10.5,0,1,19.6,17.5,0.0,0.0,12.0,11.5,0.0,0.0,1.0,1.0
2024-05-13,68.78439505677251,18.9,0.0,10.3,0,0,19.1,18.5,0.2,0.0,10.5,12.8,0.0,0.0,1.0,0.0
2024-05-14,72.08114935735745,18.2,1.9,14.7,0,0,18.9,18.5,0.0,0.0,10.3,13.9,0.0,0.0,0.0,0.0
2024-05-15,73.68690471597108,17.5,1.5,15.5,0,0,18.2,19.4,1.9,0.0,14.7,7.4,0.0,0.0,0.0,0.0
2024-05-16,80.369258867361,17.1,0.0,11.1,0,0,17.5,19.8,1.5,0.0,15.5,7.1,0.0,0.0,0.0,0.0
2024-05-17,73.17216247594098,17.8,1.5,9.8,0,0,17.1,20.4,0.0,0.0,11.1,9.2,0.0,0.0,0.0,0.0
2024-05-18,94.76494258563623,18.2,0.8,11.3,0,1,17.8,19.6,1.5,0.0,9.8,12.0,0.0,0.0,0.0,1.0
2024-05-19,79.95781121517157,17.3,1.0,10.1,0,1,18.2,19.1,0.8,0.2,11.3,10.5,0.0,0.0,1.0,1.0
2024-05-20,70.45248888352772,17.1,0.0,9.7,0,0,17.3,18.9,1.0,0.0,10.1,10.3,0.0,0.0,1.0,0.0
2024-05-21,70.95102098285037,17.4,0.5,12.8,0,0,17.1,18.2,0.0,1.9,9.7,14.7,0.0,0.0,0.0,0.0
2024-05-22,68.25054116522007,18.1,0.0,15.6,0,0,17.4,17.5,0.5,1.5,12.8,15.5,0.0,0.0,0.0,0.0
2024-05-23,63.42239032680693,18.7,0.1,11.4,0,0,18.1,17.1,0.0,0.0,15.6,11.1,0.0,0.0,0.0,0.0
2024-05-24,87.8110881050768,18.7,0.0,10.7,0,0,18.7,17.8,0.1,1.5,11.4,9.8,0.0,0.0,0.0,0.0
