Month,all fuels (utility-scale) thousand megawatthours,coal thousand megawatthours,natural gas thousand megawatthours,nuclear thousand megawatthours,conventional hydroelectric thousand megawatthours,wind thousand megawatthours,all solar thousand megawatthours
2025-08-01,419758.85481,69728.03343,192845.11047,70705.131,19982.75949,27297.02776,40819.87152
2025-07-01,446057.00092,80260.24034,201957.87642,70781.33,19984.27372,31815.91915,43032.21294
2025-06-01,392997.64503,64501.54129,164781.33038,66222.276,22161.36024,35787.95538,41168.07125
2025-05-01,343861.43715,48778.18265,135004.90448,62144.818,24358.38929,36881.11525,38932.2843
2025-04-01,320412.48413,45526.36037,114670.708,57892.519,22840.02691,45888.56638,35427.76723
2025-03-01,333731.12574,49215.21019,118276.04619,62456.661,22454.1132,50606.76347,31122.56073
2025-02-01,338378.90576,62306.02232,131181.79307,61828.502,19541.08731,39356.6952,22227.19638
2025-01-01,402367.77908,83153.25455,157039.66122,71738.938,21429.15212,43611.65101,20825.49285
2024-12-01,361292.05161,62800.28918,147629.88008,71200.098,19533.13457,39527.39468,17585.34063
2024-11-01,322350.87087,44924.31891,137686.59992,61904.051,16723.42876,40133.13355,19234.01301
2024-10-01,333980.11831,46889.6963,146710.81733,58773.349,15352.21163,39591.52366,26563.94003
2024-09-01,359396.57136,54558.65201,169670.90732,62660.468,15911.34208,29178.43056,28048.76933
2024-08-01,423126.9238,68760.46706,202915.4108,69760.288,20490.58129,29289.62048,32740.81148
2024-07-01,429316.64107,71565.35794,205958.73746,69850.752,21383.98095,28304.45113,33262.11179
2024-06-01,391631.98811,61338.66076,169155.86181,68192.147,22396.56968,38661.38917,33011.56491
2024-05-01,348485.15773,45812.36607,143993.37097,64972.965,24477.22317,39255.64694,30910.12132
2024-04-01,310779.62346,37245.8778,121531.87854,57541.876,20915.74336,47088.4599,27073.05048
2024-03-01,324938.09919,38505.27471,131137.3046,63345.769,23362.63545,45101.85185,23131.61929
2024-02-01,322214.35031,44137.43221,131844.73646,64583.812,20795.29923,40981.58242,17881.98207
2024-01-01,381121.90134,75617.5277,161666.64099,69079.735,21553.90405,34790.87225,14308.63728
2023-12-01,347731.61847,56364.82369,148029.15668,68854.346,19027.64919,38038.36307,13606.42809
2023-11-01,320784.75898,51209.35616,135531.27662,62257.644,17025.68245,36445.37672,15384.30748
2023-10-01,326718.29157,50932.74264,140824.84574,61435.632,15672.55982,36019.86504,20196.38246
2023-09-01,360489.55795,59958.86512,166310.99338,65559.71,16915.72764,28353.33067,22186.88703
2023-08-01,422904.5213,78111.71337,199220.82976,69744.023,21293.08687,28394.17813,25247.59248
2023-07-01,425454.53117,78903.21656,199521.5421,69887.588,21977.73383,28004.56067,26614.48002
2023-06-01,359233.62938,57771.50047,161981.31328,64819.195,21572.23898,27546.97393,25239.12622
2023-05-01,327473.93908,43803.65904,137393.60125,61155.193,27651.29087,32227.18097,24824.27897
2023-04-01,301903.18038,40232.60466,120011.63207,56662.458,19819.60825,42745.50715,21803.49268
2023-03-01,331704.47229,50095.6027,133699.41149,62820.443,21331.4014,43583.75311,18217.54797
2023-02-01,310921.67662,46374.16021,125035.65376,60806.857,19961.14213,41424.26888,13821.53304
2023-01-01,347950.30181,61357.03269,138502.65536,70870.08,22754.21698,38357.97689,11794.64493
2022-12-01,360257.03143,73380.89229,140715.95863,69094.147,20429.54086,38679.53194,10475.38025
2022-11-01,321780.34697,56376.96293,127523.43894,62041.287,17898.14767,41198.8465,12437.74204
2022-10-01,313948.99137,54228.45722,133491.52385,58945.383,14367.41841,32744.63415,16963.79209
2022-09-01,351654.94444,64998.31931,156947.86255,63733.186,17026.14725,27331.13356,18830.44095
2022-08-01,412133.19484,85214.64958,188859.66884,68896.917,21132.94901,24718.4162,20696.60022
2022-07-01,422974.98247,86414.97062,189042.19413,68856.919,24567.4546,29474.97824,22203.12544
2022-06-01,379133.82357,73463.10379,155516.99607,65715.42,25987.79518,33767.53068,22281.42383
2022-05-01,342183.64215,62531.74438,127091.02336,63381.62449,23358.77956,42123.69758,21355.98976
2022-04-01,303993.64888,55329.13354,105505.84655,55289.54,20065.83638,46167.09477,19072.62687
2022-03-01,324530.48058,61018.7735,112477.26754,63153.701,24436.41649,43030.54797,16815.30739
2022-02-01,324310.77193,70966.37798,114945.42818,61852.177,21320.56822,37644.62607,12743.58129
2022-01-01,373765.70458,87588.22693,134947.53058,70576.875,24197.61344,37416.32051,11198.1255
2021-12-01,337103.56092,60024.59585,127586.43005,70719.837,23561.87556,39849.02762,9061.0693
2021-11-01,314309.52061,57426.34728,122433.25919,62749.318,19373.24966,35751.09063,11054.16073
2021-10-01,320201.77808,62572.1427,131851.68145,58401.112,17132.93623,32215.11144,13088.99226
2021-09-01,347743.77489,78876.84017,138214.4087,64520.031,17022.26652,28997.8029,15584.01297
2021-08-01,412864.76753,101854.5988,172716.00517,69471.331,20328.14723,27071.12204,16891.19396
2021-07-01,405624.09062,101536.5367,170189.36311,68831.593,22097.51226,21715.55151,17384.07738
2021-06-01,373856.47762,87264.60172,149375.55551,66070.373,23454.07921,26671.53368,17303.9438
2021-05-01,320180.96143,63872.72048,114675.79155,63394.115,23308.96396,33786.50791,17519.84666
2021-04-01,293307.94443,53956.13351,107416.26793,57092.024,19388.82781,36157.80676,15502.04998
2021-03-01,311397.27585,61903.96388,107018.71133,63708.238,21220.43408,39205.24802,13454.48883
2021-02-01,323899.52894,87470.49993,111182.91493,62954.16,20136.50917,26715.50092,9269.54941
2021-01-01,349209.70891,81239.77891,126529.59847,71732.463,24560.04066,30060.4714,8309.06463
2020-12-01,344523.41279,78587.62866,127863.17223,69870.978,21507.84718,32010.64517,7580.39219
2020-11-01,301402.9637,61182.18639,109810.78026,61759.977,20892.65917,33129.4051,8453.28574
2020-10-01,313703.43883,59804.58904,131412.57892,59362.465,18810.4061,28822.66268,10395.32693
2020-09-01,333493.03669,68406.74534,141397.45495,65727.317,18678.80991,23185.97755,11453.82366
2020-08-01,398535.59244,91145.41119,173644.41702,68982.187,23283.5577,23029.3319,13513.9375
2020-07-01,409871.25996,89709.48262,181568.06361,69385.44,26741.77947,22866.19821,15015.04895
2020-06-01,351967.18981,65283.16993,143055.42341,67205.083,27999.3837,30212.40523,13923.04582
2020-05-01,304836.8258,46526.62632,117185.64596,64337.97,29976.16051,28377.50536,13920.70376
2020-04-01,279846.21376,40675.20198,110563.81511,59170.016,23194.35466,29752.22898,11736.47773
2020-03-01,309869.69613,50730.62847,126186.58013,63997.21,23823.01748,29319.78293,9773.50166
2020-02-01,319698.10627,56201.46779,128017.92848,65910.574,25868.06177,29110.49454,8184.13587
2020-01-01,342019.10952,65139.75937,136083.77995,74169.646,24497.85718,28121.41138,6771.41485
2019-12-01,338536.1584,72580.73606,131973.42828,73073.575,21478.18136,26643.83983,5499.8331
2019-11-01,315897.35204,75549.33857,117958.72597,64125.425,20217.59733,25184.35888,6591.54593
2019-10-01,320517.64482,66777.23093,131113.37797,62032.622,18305.81291,27624.5193,8925.99468
2019-09-01,360759.56925,85706.69196,149938.13228,66063.58,18525.75999,24513.46786,10022.19806
2019-08-01,401731.65456,94039.70636,175270.24757,71910.684,22578.66752,19978.03073,11487.90701
2019-07-01,410364.89139,100770.78542,172281.64499,72198.595,24875.39844,22100.72207,11892.78073
2019-06-01,353239.3549,78539.50426,138087.41868,68804.879,28077.76308,22445.97049,11575.14488
2019-05-01,330660.82267,71884.62525,117296.64899,67123.546,31982.04155,25779.38696,10710.6803
2019-04-01,296952.61144,59922.45969,104348.63205,60580.927,27820.1768,28915.30603,9997.2463
2019-03-01,326903.25259,78351.61989,116059.14624,65079.691,26333.98533,25772.67842,8812.88461
2019-02-01,315281.73224,79929.40881,112397.15916,64714.894,22880.53778,22622.75342,5894.64724
2019-01-01,359728.83511,100904.7043,121808.27731,73700.844,24797.80842,24301.4495,5483.40662
2018-12-01,342292.23263,100318.60014,109955.09663,71657.288,22797.16131,24306.28369,4884.51281
2018-11-01,322466.03384,92818.59372,108265.01201,63954.37,21912.71643,22015.7339,5648.04713
2018-10-01,325070.15013,87263.62736,123280.44647,59396.905,19548.19092,21193.89801,7361.46637
2018-09-01,356557.95968,96543.99239,142085.1857,64724.753,19165.6208,18519.67063,8635.23462
2018-08-01,408352.1497,115129.45572,162000.63402,72282.467,22016.90536,19846.43699,9712.3077
2018-07-01,411616.68565,115376.37644,165075.42624,72456.009,25099.52896,16446.57439,9901.29598
2018-06-01,372145.08425,101503.42674,131085.72296,69687.556,27597.48847,24702.85593,10473.77801
2018-05-01,339228.26158,85227.3,115564.6383,67320.248,30444.28385,23953.12766,9860.22196
2018-04-01,301056.94542,73346.00643,98671.58527,59133.155,28115.15452,26430.85718,8796.43825
2018-03-01,321765.18971,80625.66254,106742.01587,67032.656,25860.604,26463.70391,7490.19618
2018-02-01,307057.65745,82050.18241,98675.2857,64790.03,24902.25758,23189.48924,5662.7551
2018-01-01,373379.35268,119284.11471,110441.98208,74649.04,25064.07663,25598.8222,4938.335
2017-12-01,350563.35929,106545.36665,111553.28604,73699.572,22247.84164,22200.68098,4506.85847
2017-11-01,308188.6823,90986.33924,95072.30676,66617.853,19888.33402,22614.8668,4769.85448
2017-10-01,318731.20109,89775.52365,106895.19912,65994.785,17698.17945,24368.70291,6639.60775
2017-09-01,336003.83612,98202.04611,118131.70524,68097.918,19151.75538,17911.77474,7284.82088
2017-08-01,384837.27633,119488.38491,141307.8281,72384.218,22033.85574,13878.84827,7848.17288
2017-07-01,404537.00981,127697.82032,147041.80253,71314.219,26598.24651,16119.99604,8123.75179
2017-06-01,358630.10216,107508.32219,117351.49285,67010.782,30575.29559,20141.74696,8602.15011
2017-05-01,323494.02168,92776.54135,98074.11624,61312.753,32607.11514,23067.63856,8208.21502
2017-04-01,295461.51816,81335.3131,88562.36959,56743.352,29409.46563,25377.94296,7101.80352
2017-03-01,319469.28011,89364.62027,95214.19971,65093.2,29613.19463,25730.61672,6486.54205
2017-02-01,291112.63811,86822.18986,82836.97484,63560.371,23881.76459,22091.10927,4135.35386
2017-01-01,344413.96966,115332.80828,95661.24708,73120.612,26627.88134,20798.77101,3570.01671
2016-12-01,345389.34354,118746.8419,96416.06528,71662.429,22527.76456,23145.52474,3590.66861
2016-11-01,297065.26075,86940.46241,93950.8325,65178.776,18808.26528,19405.64211,4023.9887
2016-10-01,312939.72788,99193.94367,102897.98607,60733.343,17338.85654,20335.38978,4743.28769
2016-09-01,351560.04384,114137.76825,125683.45081,65448.176,16367.68403,16403.64017,5370.44767
2016-08-01,409861.38602,135634.73331,154926.02521,71526.405,19569.54914,13589.32615,5910.82805
2016-07-01,412043.3651,136316.43397,151716.16396,70349.347,21455.32093,17618.35712,5945.07716
2016-06-01,367903.54176,116034.38414,131522.99713,67175.324,23236.86739,16303.4413,5401.26493
2016-05-01,316866.99237,81694.51025,110518.5333,66576.493,25486.38143,18847.89867,5304.17484
2016-04-01,292986.59764,72112.8619,98973.7993,62731.845,25878.02878,20799.30345,4582.61853
2016-03-01,304427.42189,72172.52681,103933.12256,66148.894,27389.8772,21939.40933,4142.59215
2016-02-01,313816.4003,92704.80797,98688.19908,65638.141,24139.01548,20138.2278,3386.13613
2016-01-01,352713.71943,113459.37975,110043.74673,72524.775,25614.54233,18466.40151,2465.40732
2015-12-01,324536.1236,89495.07284,109892.10285,69633.664,23165.56195,20098.37277,2483.85893
2015-11-01,300779.39425,87227.13603,102368.84183,60263.941,19337.83088,19681.71564,2711.70957
2015-10-01,312210.41568,96758.50415,110109.75303,60570.921,16630.40155,16380.03853,3107.28733
2015-09-01,350190.22629,117985.6322,123110.83138,66476.372,16094.1224,13971.56651,3546.77556
2015-08-01,392241.71845,134670.3089,139215.8854,72415.352,19122.10511,13080.02756,4155.60157
2015-07-01,400534.56759,139099.86855,141241.24634,71412.176,21014.22144,13675.44937,4113.74514
2015-06-01,362493.0664,125673.11366,121567.81122,68516.165,20414.084,13421.26619,3965.61172
2015-05-01,322189.10137,104584.52668,101624.6975,65826.525,20125.4156,17151.34131,3897.98556
2015-04-01,294177.18729,88989.1425,92855.54624,59784.495,22470.97723,17867.14921,3642.64641
2015-03-01,324313.51714,108487.53856,99550.14498,64546.799,24280.90476,15307.92894,3205.83426
2015-02-01,334595.61098,126976.83198,91440.16871,63461.493,22286.07601,14921.54534,2299.31836
2015-01-01,360452.84324,132450.52066,101690.97336,74269.974,24138.3839,15162.14633,1901.79647
2014-12-01,337952.98061,124620.11616,91040.2099,73362.548,22328.78862,14711.24947,1797.81256
2014-11-01,317491.36447,119127.43937,84355.8568,65140.185,18624.92296,18866.92881,2171.44148
2014-10-01,314518.00875,111295.95754,97684.69687,62390.988,17159.21225,14507.93111,2681.80098
2014-09-01,339882.6659,126110.38461,106583.6804,67534.5,16074.32674,11519.76842,2878.62126
2014-08-01,384336.56063,148451.62333,122350.00526,71128.746,19807.24668,10170.52076,3018.61669
2014-07-01,385775.44987,149627.05758,115083.44611,71940.126,24357.40238,12187.39242,2936.22665
2014-06-01,357840.17847,137576.92149,98469.55616,68138.232,25743.87767,15798.81712,3023.8867
2014-05-01,324719.30714,118785.80061,89120.78275,62947.43,26543.88511,15601.36684,2841.66641
2014-04-01,297628.2622,109280.59165,76784.84902,56384.588,25439.90661,18635.54917,2475.52102
2014-03-01,331820.9692,136442.60132,78154.34115,62397.08,24257.12925,17735.8829,2224.12366
2014-02-01,324347.01617,143294.48747,75945.20996,62638.95,17396.12893,14008.66045,1498.82093
2014-01-01,377251.37842,157097.36861,91062.48197,73162.609,21633.79467,17911.21433,1375.15155
2013-12-01,353021.24773,141859.66537,92936.2913,71293.578,21128.29918,13967.05881,
2013-11-01,314539.64185,120939.72975,84286.78492,64975.456,17676.83384,15803.25968,
2013-10-01,314925.46247,120996.39294,88587.40151,63183.533,17198.59414,13635.01809,
2013-09-01,340940.90155,133110.43729,102063.23334,65798.971,16961.1523,11674.08115,
2013-08-01,385285.74515,149426.0529,121156.39696,71344.379,21633.31561,9633.88368,
2013-07-01,394845.6208,152866.8527,120770.9808,70539.238,27254.5715,11093.61355,
2013-06-01,356822.64723,138283.21603,99615.06431,66429.69,27384.06656,13748.10576,
2013-05-01,322155.64042,119512.5,83815.59186,62848.155,28450.09411,16238.70213,
2013-04-01,299332.86831,111834.68254,78036.43182,56766.882,25097.10474,17476.27429,
2013-03-01,325398.83402,130633.56036,84725.25919,62947.389,20534.35802,15755.65337,
2013-02-01,309728.08,123546.80484,80283.07377,61483.385,20418.46514,14075.59068,
2013-01-01,348967.37792,138104.82108,88559.05007,71405.817,24828.52759,14738.50426,
2012-12-01,334634.74915,134078.90757,83989.0974,68583.669,22984.35228,14523.51758,
2012-11-01,305975.85101,128727.0657,80169.46107,56712.757,18733.31916,11648.4968,
2012-10-01,311651.9307,120999.33876,91725.37056,59743.218,16501.69662,12635.90112,
2012-09-01,334585.56266,125588.60805,108012.30069,64510.882,17603.96419,8789.86546,
2012-08-01,395699.74917,152181.05516,131735.86442,69602.111,23033.72581,8469.41899,
2012-07-01,414641.21748,160450.26253,138862.84998,69129.329,26491.04579,8823.083,
2012-06-01,360825.3809,131261.03605,115597.50323,65140.085,26657.66222,11972.15949,
2012-05-01,336516.15597,115982.64658,107351.81228,62081.445,28641.31224,12540.32427,
2012-04-01,295229.20493,96285.44067,94828.59637,55870.931,26295.39842,12709.03261,
2012-03-01,309089.55207,105525.54678,92250.65327,61728.613,25906.63425,14027.34496,
2012-02-01,309389.43252,113872.04689,90609.78234,63847.023,20283.9644,11051.71417,
2012-01-01,339526.48011,129090.98981,90760.88378,72381.186,23107.14392,13630.85627,
2011-12-01,335740.46276,132928.71614,86121.62582,71837.372,23731.94371,10655.77473,
2011-11-01,304102.15444,121462.71077,75441.29818,64473.88,20680.52743,12438.55312,
2011-10-01,308698.50358,126626.97282,78819.20708,63336.97,19787.38961,10525.42896,
2011-09-01,337931.3176,140941.1491,91739.07009,66848.854,21377.59172,6869.0293,
2011-08-01,406511.31471,171280.53388,119855.79257,71338.566,25763.57824,7473.59402,
2011-07-01,418692.75464,176585.81965,119623.59113,72344.85,31284.63456,7488.62905,
2011-06-01,367727.015,158055.21258,90691.11156,65270.134,32151.21433,10985.06912,
2011-05-01,323628.23805,137101.56497,75242.79679,57012.914,32586.92609,11772.16075,
2011-04-01,302400.72444,124488.2575,70028.99891,54547.338,31194.3065,12421.65683,
2011-03-01,318709.9409,134845.23138,65947.12043,65661.598,31134.47075,10544.64605,
2011-02-01,313126.60705,138311.15723,65923.98289,64789.078,24131.22605,10451.5619,
2011-01-01,362871.89295,170802.67931,74254.33381,72742.813,25531.09446,8550.4948,
2010-12-01,362119.08129,167258.08616,77573.32016,73683.304,23169.07145,9059.29736,
2010-11-01,306009.62912,135185.04538,69226.55984,62655.206,19561.55003,9747.6191,
2010-10-01,307920.69056,132269.83506,77738.33651,62750.833,17682.97635,7943.80761,
2010-09-01,346045.17182,148745.67169,93004.17649,69371.195,17265.20646,7105.5022,
2010-08-01,408884.15537,177745.32008,121151.26856,71574.103,20119.23218,6685.85505,
2010-07-01,409725.44035,179600.4991,114624.20192,71913.468,24516.76133,6723.89118,
2010-06-01,375759.47838,165491.48889,92268.43063,68301.32156,29853.82693,8049.02142,
2010-05-01,327936.49155,143272.49362,73665.43824,66658.365,25079.21697,8697.52487,
2010-04-01,287800.22656,126951.88534,64644.025,57611.073,19096.66257,9764.45598,
2010-03-01,312167.64032,144405.63319,63430.66033,64634.721,20885.6628,8589.07682,
2010-02-01,319734.72667,153044.15909,66198.08,65245.37,20589.82989,5431.85793,
2010-01-01,360957.16695,173320.16091,74172.73601,72569.341,22383.07243,6854.33658,
2009-12-01,350507.29527,166434.03556,71589.60705,70710.218,24729.80834,6906.05833,
2009-11-01,296634.66996,136809.57521,63285.13196,59069.208,21007.70089,6875.18302,
2009-10-01,307040.34065,139955.57738,72602.72548,58020.927,19691.06826,6813.62592,
2009-09-01,327400.61189,137144.64798,92126.61784,65751.794,17358.71392,4650.70788,
2009-08-01,381221.41693,163260.48308,109239.55406,72244.597,19580.41655,5464.47362,
2009-07-01,372542.22554,158233.86912,101893.83251,72948.979,23384.74817,4954.94132,
2009-06-01,347658.24126,148086.77111,84205.18154,69734.736,29233.39456,5599.42191,
2009-05-01,311305.87215,131673.05752,68145.64662,65395.452,29559.65512,6261.9611,
2009-04-01,289537.25513,125934.97312,61158.67362,59408.407,25769.8074,7457.69602,
2009-03-01,310602.96381,135530.3278,68202.74331,67240.567,21827.45353,7099.06292,
2009-02-01,300887.39769,140915.78476,62138.85332,64227.211,17812.03175,5852.17501,
2009-01-01,354992.63621,171925.15034,66390.11321,74102.489,23490.29569,5950.82465,
2008-12-01,343898.25447,167785.73046,64363.64603,72931.328,20861.49062,6615.89854,
2008-11-01,310046.2412,154281.19798,61454.19852,63408.145,15667.93401,4993.64564,
2008-10-01,318547.34311,151840.71519,73283.33855,62820.353,15469.94246,4756.40094,
2008-09-01,338056.12999,161356.34732,79136.02998,67053.867,16178.19232,3111.45182,
2008-08-01,388986.71877,180576.49295,99673.49348,72617.066,21229.2774,3264.40615,
2008-07-01,402900.33624,186733.45633,100320.87805,74318.27,25555.08636,4008.40059,
2008-06-01,373109.02691,171043.27903,84619.97663,70319.366,29177.42712,5140.3764,
2008-05-01,325244.80192,154915.90135,62270.44712,64825.901,27221.14742,5340.28392,
2008-04-01,305865.03122,146983.02391,63046.09796,57332.716,22233.93205,5225.28203,
2008-03-01,324629.84959,160743.24304,62170.57985,64716.468,21668.93847,4782.01995,
2008-02-01,325105.5971,166666.35479,60042.0118,65130.385,18788.8861,3851.7487,
2008-01-01,362998.42904,182875.5043,72599.9011,70734.57,20779.13078,4273.1854,
2007-12-01,346290.33052,173829.86553,66807.82797,71982.726,18341.67452,3490.23188,
2007-11-01,314102.5426,159382.45455,60636.79925,64899.278,15682.053,3095.03643,
2007-10-01,332615.41638,162234.35613,78358.02381,61689.542,14796.43375,3376.54028,
2007-09-01,355393.91186,169391.27283,88531.61471,67578.578,14742.53418,2866.72155,
2007-08-01,421796.65927,190134.81633,121338.42663,72750.91,19940.55104,2699.36469,
2007-07-01,393226.43225,185053.78761,97482.67572,72738.535,22477.76053,2158.37244,
2007-06-01,362754.87722,173512.88404,81511.45079,68923.074,22816.60812,2620.41645,
2007-05-01,330202.75802,157513.28116,66469.7005,65024.555,26046.97643,2952.34063,
2007-04-01,303129.0636,146249.54121,60152.84758,57301.424,23890.58301,3171.70315,
2007-03-01,320471.24253,159811.07388,56203.82094,64305.153,24163.45595,3047.09243,
2007-02-01,323230.39483,163602.81256,57622.07125,65224.794,18566.63325,2519.79285,
2007-01-01,353531.09477,175739.4377,61474.53193,74006.184,26044.71053,2452.31464,
2006-12-01,336283.2459,173508.95112,56128.18599,70489.681,21595.95122,2471.68958,
2006-11-01,309158.82642,159439.51728,53439.69272,61392.321,20271.72257,2540.48864,
2006-10-01,321567.09131,161389.65914,70640.03895,57509.306,17055.17699,2442.12988,
2006-09-01,332055.32084,161590.35416,72673.34798,66642.327,17201.46086,1879.14378,
2006-08-01,407762.53636,189454.92967,106591.66595,72016.095,21728.3537,1655.18688,
2006-07-01,410420.79333,187820.87151,108093.51438,72186.494,25439.39237,1955.06423,
2006-06-01,364259.79756,169693.4782,81060.20993,68391.472,29757.28409,2051.76563,
2006-05-01,330615.57003,157009.75508,65585.60534,62775.701,30818.44294,2458.6826,
2006-04-01,297858.07754,141426.23364,56090.85628,57567.204,28555.68297,2471.76225,
2006-03-01,318729.79961,161325.11525,54921.74189,63720.849,24624.60881,2358.63174,
2006-02-01,307333.43003,158616.18891,47408.9894,62615.654,24761.68318,1921.95844,
2006-01-01,328657.73849,169236.08057,43806.92078,71911.532,27436.65597,2382.63335,
2005-12-01,348101.07055,177965.17958,53992.60122,71735.067,22141.15675,1827.81389,
2005-11-01,306115.23623,158797.52701,49440.22594,62912.709,19352.66779,1609.69148,
2005-10-01,316397.92361,162436.79301,55940.88089,61235.597,18006.36026,1446.18982,
2005-09-01,350217.80051,171656.21549,73355.48269,66738.979,17363.68401,1468.34696,
2005-08-01,404940.68107,187573.75443,100786.65435,71381.55,21565.67882,1138.03152,
2005-07-01,402273.84646,186090.75719,96819.41031,71070.011,25956.84152,1420.94183,
2005-06-01,363671.63602,174866.99726,75635.49254,66144.275,26782.98993,1796.92435,
2005-05-01,315062.10994,153957.96154,54826.00402,62970.464,27278.51096,1746.42955,
2005-04-01,289562.39987,143083.23903,52016.28598,55484.01,23058.35863,1697.5037,
2005-03-01,317458.27645,163612.7005,51896.97271,61538.53,22936.06749,1560.62565,
2005-02-01,298500.31558,155818.01413,44912.61665,60946.934,21606.77394,966.48178,
2005-01-01,343121.45336,177013.90662,51337.62707,69828.239,24272.16485,1131.5685,
2004-12-01,341947.96342,176755.20145,51309.56547,68616.627,26210.71849,1172.00867,
2004-11-01,302101.2562,157435.99421,49693.03398,58940.863,20937.04438,932.203,
2004-10-01,312450.22288,157605.0954,57228.81399,62530.352,18862.7954,1028.87272,
2004-09-01,335622.19789,164252.92334,67853.99334,65932.057,20525.26137,1089.61523,
2004-08-01,368439.03706,178181.34259,77820.68835,71068.483,21591.96742,1050.71885,
2004-07-01,377331.69713,181491.82062,79290.02224,71975.04,23318.27953,1164.37009,
2004-06-01,345085.07883,167641.90627,64685.66904,67734.073,25252.34503,1397.20574,
2004-05-01,327380.26364,157016.37723,62021.80807,64917.412,24019.71812,1701.65148,
2004-04-01,290559.91417,141470.95622,51821.98826,58620.255,20887.97481,1294.8568,
2004-03-01,308812.09552,154288.41916,49801.1869,63285.116,22914.28123,1291.224,
2004-02-01,314279.90954,161503.09216,50319.87478,64101.949,20913.61671,1021.56897,
2004-01-01,346545.62699,180657.42054,48253.37213,70806.16,22983.30588,999.44521,
2003-12-01,331680.43,176291.473,44034.895,68611.699,24044.33,1104.881,
2003-11-01,297866.711,158223.194,45327.919,59600.02,19715.265,961.432,
2003-10-01,306740.933,159322.942,51824.169,60016.207,18428.423,897.161,
2003-09-01,323135.534,164910.002,59089.943,63583.645,18480.455,895.054,
2003-08-01,381816.319,185331.823,83249.694,69023.878,22972.03,815.429,
2003-07-01,374396.05,181852.318,76938.278,69652.754,24843.095,953.396,
2003-06-01,328693.698,162284.63,54452.951,64180.727,28586.3,1047.144,
2003-05-01,307544.887,150262.977,49372.963,62201.96,29395.256,1006.383,
2003-04-01,285755.699,141959.981,45195.383,56775.591,24758.962,1092.766,
2003-03-01,304317.265,155001.775,46699.026,59933.261,24202.273,1036.104,
2003-02-01,299248.777,156982.481,43546.573,60941.869,19779.86,745.375,
2003-01-01,341988.901,181313.153,50175.746,69211.084,20600.079,632.34,
2002-12-01,324833.705,172189.765,46100.393,68905.472,21668.54,755.194,
2002-11-01,296289.561,156053.655,45160.876,61520.324,19730.029,655.946,
2002-10-01,307059.46,159099.294,54200.82,60493.052,17171.334,734.355,
2002-09-01,331279.434,165366.309,68161.131,64480.79,17086.782,735.828,
2002-08-01,374585.819,179955.447,84476.867,70777.688,21083.924,976.691,
2002-07-01,381542.107,183194.702,83917.269,70420.827,25470.647,890.455,
2002-06-01,341023.144,164667.695,65631.018,66371.896,28212.847,1126.315,
2002-05-01,307674.569,151406.401,50275.237,63032.192,26662.695,1077.641,
2002-04-01,289848.253,142304.595,49146.409,58437.062,24246.605,1024.417,
2002-03-01,302549.011,151485.651,51214.464,63040.647,21008.813,852.102,
2002-02-01,281825.712,143048.822,44308.431,61658.274,20191.683,713.932,
2002-01-01,319941.476,164358.018,48412.832,70925.863,21794.932,811.402,
2001-12-01,305496.328,157402.35,47540.861,67430.878,19346.314,615.657,
2001-11-01,278933.942,144116.998,44490.622,62341.711,15412.929,470.448,
2001-10-01,294733.613,148930.816,56376.441,60460.967,15234.503,606.829,
2001-09-01,306928.866,154158.317,60181.14,63378.451,15256.027,490.229,
2001-08-01,370532.828,183116.073,78409.804,68389.496,18913.768,577.206,
2001-07-01,357613.7,179060.41,73030.142,69166.04,18079.119,634.992,
2001-06-01,327693.978,162615.804,57603.154,68023.098,20727.63,669.634,
2001-05-01,300491.621,151592.914,50934.205,61512.445,19175.635,635.029,
2001-04-01,278078.871,140670.654,45842.746,56003.026,18012.994,684.695,
2001-03-01,300706.544,155269.011,44364.414,62140.712,20477.189,532.12,
2001-02-01,282940.198,149735.484,37966.927,61272.407,17472.889,431.242,
2001-01-01,332493.16,177287.111,42388.663,68707.077,18852.048,389.25,
