date,value,weather_temp_mean,weather_precip_sum,weather_wind_mean,holiday_count,is_weekend,weather_temp_mean_lag1,weather_temp_mean_lag3,weather_precip_sum_lag1,weather_precip_sum_lag3,weather_wind_mean_lag1,weather_wind_mean_lag3,holiday_count_lag1,holiday_count_lag3,is_weekend_lag1,is_weekend_lag3
2001-01-01,31001.28,8.444161290322581,99.33700000000002,12.569774193548389,2,0.25806451612903225,,,,,,,,,,
2001-02-01,25626.521,13.391535714285714,98.37800000000001,14.35057142857143,1,0.2857142857142857,8.444161290322581,,99.33700000000002,,12.569774193548389,,2.0,,0.25806451612903225,
2001-03-01,27580.339,12.699806451612906,125.73600000000002,11.817741935483873,0,0.2903225806451613,13.391535714285714,,98.37800000000001,,14.35057142857143,,1.0,,0.2857142857142857,
2001-04-01,27486.315,20.9901,49.59700000000001,15.655233333333335,0,0.3,12.699806451612906,8.444161290322581,125.73600000000002,99.33700000000002,11.817741935483873,12.569774193548389,0.0,2.0,0.2903225806451613,0.25806451612903225
2001-05-01,31583.459,23.79551612903226,104.54100000000003,13.488548387096776,1,0.25806451612903225,20.9901,13.391535714285714,49.59700000000001,98.37800000000001,15.655233333333335,14.35057142857143,0.0,1.0,0.3,0.2857142857142857
2001-06-01,34619.506,26.563800000000004,81.51,12.135033333333334,0,0.3,23.79551612903226,12.699806451612906,104.54100000000003,125.73600000000002,13.488548387096776,11.817741935483873,1.0,0.0,0.25806451612903225,0.2903225806451613
2001-07-01,39939.836,29.489967741935487,38.150000000000006,10.610645161290325,1,0.2903225806451613,26.563800000000004,20.9901,81.51,49.59700000000001,12.135033333333334,15.655233333333335,0.0,0.0,0.3,0.3
2001-08-01,39376.594,29.134354838709683,109.471,10.408548387096776,0,0.25806451612903225,29.489967741935487,23.79551612903226,38.150000000000006,104.54100000000003,10.610645161290325,13.488548387096776,1.0,1.0,0.2903225806451613,0.25806451612903225
2001-09-01,32471.977,23.9951,102.27500000000002,9.456766666666669,1,0.3333333333333333,29.134354838709683,26.563800000000004,109.471,81.51,10.408548387096776,12.135033333333334,0.0,0.0,0.25806451612903225,0.3
2001-10-01,28083.635,19.16377419354839,90.81800000000001,12.351516129032259,1,0.25806451612903225,23.9951,29.489967741935487,102.27500000000002,38.150000000000006,9.456766666666669,10.610645161290325,1.0,1.0,0.3333333333333333,0.2903225806451613
2001-11-01,26453.126,16.794033333333335,96.00800000000001,11.710800000000003,3,0.26666666666666666,19.16377419354839,29.134354838709683,90.81800000000001,109.471,12.351516129032259,10.408548387096776,1.0,0.0,0.25806451612903225,0.25806451612903225
2001-12-01,28357.417,11.836870967741937,135.93200000000002,12.315354838709679,1,0.3225806451612903,16.794033333333335,23.9951,96.00800000000001,102.27500000000002,11.710800000000003,9.456766666666669,3.0,1.0,0.26666666666666666,0.3333333333333333
2002-01-01,30513.579,11.150419354838712,55.82300000000001,13.746967741935485,2,0.25806451612903225,11.836870967741937,19.16377419354839,135.93200000000002,90.81800000000001,12.315354838709679,12.351516129032259,1.0,1.0,0.3225806451612903,0.25806451612903225
2002-02-01,27337.377,9.86007142857143,28.7,13.000821428571431,1,0.2857142857142857,11.150419354838712,16.794033333333335,55.82300000000001,96.00800000000001,13.746967741935485,11.710800000000003,2.0,3.0,0.25806451612903225,0.26666666666666666
2002-03-01,28874.781,14.664322580645162,90.91300000000001,15.87509677419355,0,0.3225806451612903,9.86007142857143,11.836870967741937,28.7,135.93200000000002,13.000821428571431,12.315354838709679,1.0,1.0,0.2857142857142857,0.3225806451612903
2002-04-01,28939.85,21.509733333333333,73.87100000000001,14.668233333333337,0,0.26666666666666666,14.664322580645162,11.150419354838712,90.91300000000001,55.82300000000001,15.87509677419355,13.746967741935485,0.0,2.0,0.3225806451612903,0.25806451612903225
2002-05-01,32512.588,24.023419354838712,63.16500000000001,15.490451612903227,1,0.25806451612903225,21.509733333333333,9.86007142857143,73.87100000000001,28.7,14.668233333333337,13.000821428571431,0.0,1.0,0.26666666666666666,0.2857142857142857
2002-06-01,36267.581,27.028933333333338,85.08500000000001,10.635666666666669,0,0.3333333333333333,24.023419354838712,14.664322580645162,63.16500000000001,90.91300000000001,15.490451612903227,15.87509677419355,1.0,0.0,0.25806451612903225,0.3225806451612903
2002-07-01,39583.368,27.453032258064518,113.88300000000002,10.213451612903228,1,0.25806451612903225,27.028933333333338,21.509733333333333,85.08500000000001,73.87100000000001,10.635666666666669,14.668233333333337,0.0,0.0,0.3333333333333333,0.26666666666666666
2002-08-01,40740.094,28.73829032258065,50.75000000000001,10.080774193548388,0,0.2903225806451613,27.453032258064518,24.023419354838712,113.88300000000002,63.16500000000001,10.213451612903228,15.490451612903227,1.0,1.0,0.25806451612903225,0.25806451612903225
2002-09-01,34663.797,25.69376666666667,114.23200000000001,11.369133333333336,1,0.3,28.73829032258065,27.028933333333338,50.75000000000001,85.08500000000001,10.080774193548388,10.635666666666669,0.0,0.0,0.2903225806451613,0.3333333333333333
2002-10-01,29398.621,20.276838709677424,210.73200000000003,10.711290322580647,1,0.25806451612903225,25.69376666666667,27.453032258064518,114.23200000000001,113.88300000000002,11.369133333333336,10.213451612903228,1.0,1.0,0.3,0.25806451612903225
2002-11-01,27143.326,13.465000000000002,71.13600000000001,12.961033333333337,2,0.3,20.276838709677424,28.73829032258065,210.73200000000003,50.75000000000001,10.711290322580647,10.080774193548388,1.0,0.0,0.25806451612903225,0.2903225806451613
2002-12-01,29653.578,11.058870967741937,134.32800000000003,13.402419354838711,1,0.2903225806451613,13.465000000000002,25.69376666666667,71.13600000000001,114.23200000000001,12.961033333333337,11.369133333333336,2.0,1.0,0.3,0.3
2003-01-01,31481.066,8.757967741935484,22.431,12.638064516129033,2,0.25806451612903225,11.058870967741937,20.276838709677424,134.32800000000003,210.73200000000003,13.402419354838711,10.711290322580647,1.0,1.0,0.2903225806451613,0.25806451612903225
2003-02-01,27728.85,10.36907142857143,114.897,14.167571428571431,1,0.2857142857142857,8.757967741935484,13.465000000000002,22.431,71.13600000000001,12.638064516129033,12.961033333333337,2.0,2.0,0.25806451612903225,0.3
2003-03-01,27561.026,14.637387096774196,54.71000000000001,11.747000000000002,0,0.3225806451612903,10.36907142857143,11.058870967741937,114.897,134.32800000000003,14.167571428571431,13.402419354838711,1.0,1.0,0.2857142857142857,0.2903225806451613
2003-04-01,27798.918,20.093466666666668,43.86000000000001,14.743800000000002,0,0.26666666666666666,14.637387096774196,8.757967741935484,54.71000000000001,22.431,11.747000000000002,12.638064516129033,0.0,2.0,0.3225806451612903,0.25806451612903225
2003-05-01,33088.612,25.45629032258065,45.702000000000005,13.520161290322582,1,0.2903225806451613,20.093466666666668,10.36907142857143,43.86000000000001,114.897,14.743800000000002,14.167571428571431,0.0,1.0,0.26666666666666666,0.2857142857142857
2003-06-01,34534.461,26.906600000000005,98.06800000000001,10.323933333333336,0,0.3,25.45629032258065,14.637387096774196,45.702000000000005,54.71000000000001,13.520161290322582,11.747000000000002,1.0,0.0,0.2903225806451613,0.3225806451612903
2003-07-01,37686.562,28.148516129032263,70.84100000000001,10.16441935483871,1,0.25806451612903225,26.906600000000005,20.093466666666668,98.06800000000001,43.86000000000001,10.323933333333336,14.743800000000002,0.0,0.0,0.3,0.26666666666666666
2003-08-01,39825.981,29.01054838709678,63.123000000000005,9.148612903225807,0,0.3225806451612903,28.148516129032263,25.45629032258065,70.84100000000001,45.702000000000005,10.16441935483871,13.520161290322582,1.0,1.0,0.25806451612903225,0.2903225806451613
2003-09-01,32709.962,24.080300000000005,106.825,9.094800000000001,1,0.26666666666666666,29.01054838709678,26.906600000000005,63.123000000000005,98.06800000000001,9.148612903225807,10.323933333333336,0.0,0.0,0.3225806451612903,0.3
2003-10-01,29649.701,21.197161290322583,54.541000000000004,10.42609677419355,1,0.25806451612903225,24.080300000000005,28.148516129032263,106.825,70.84100000000001,9.094800000000001,10.16441935483871,1.0,1.0,0.26666666666666666,0.25806451612903225
2003-11-01,28094.336,17.27156666666667,56.80100000000001,14.168533333333334,2,0.3333333333333333,21.197161290322583,29.01054838709678,54.541000000000004,63.123000000000005,10.42609677419355,9.148612903225807,1.0,0.0,0.25806451612903225,0.3225806451612903
2003-12-01,29040.209,11.591935483870968,48.47600000000001,14.423806451612904,1,0.25806451612903225,17.27156666666667,24.080300000000005,56.80100000000001,106.825,14.168533333333334,9.094800000000001,2.0,1.0,0.3333333333333333,0.26666666666666666
2004-01-01,30156.78023,11.443709677419356,77.456,12.967548387096777,2,0.2903225806451613,11.591935483870968,21.197161290322583,48.47600000000001,54.541000000000004,14.423806451612904,10.42609677419355,1.0,1.0,0.25806451612903225,0.25806451612903225
2004-02-01,28775.70301,10.03644827586207,133.00300000000001,13.415068965517243,1,0.3103448275862069,11.443709677419356,17.27156666666667,77.456,56.80100000000001,12.967548387096777,14.168533333333334,2.0,2.0,0.2903225806451613,0.3333333333333333
2004-03-01,28321.40846,17.63993548387097,58.318000000000005,13.533580645161292,0,0.25806451612903225,10.03644827586207,11.591935483870968,133.00300000000001,48.47600000000001,13.415068965517243,14.423806451612904,1.0,1.0,0.3103448275862069,0.25806451612903225
2004-04-01,27791.93135,19.550233333333335,126.87200000000001,14.128300000000001,0,0.26666666666666666,17.63993548387097,11.443709677419356,58.318000000000005,77.456,13.533580645161292,12.967548387096777,0.0,2.0,0.25806451612903225,0.2903225806451613
2004-05-01,33666.06637,23.14745161290323,103.138,15.22845161290323,1,0.3225806451612903,19.550233333333335,10.03644827586207,126.87200000000001,133.00300000000001,14.128300000000001,13.415068965517243,0.0,1.0,0.26666666666666666,0.3103448275862069
2004-06-01,35388.92106,25.84436666666667,250.93400000000003,11.102133333333335,0,0.26666666666666666,23.14745161290323,17.63993548387097,103.138,58.318000000000005,15.22845161290323,13.533580645161292,1.0,0.0,0.3225806451612903,0.25806451612903225
2004-07-01,39027.77825,27.652806451612907,47.90500000000001,10.015967741935485,2,0.2903225806451613,25.84436666666667,19.550233333333335,250.93400000000003,126.87200000000001,11.102133333333335,14.128300000000001,0.0,0.0,0.26666666666666666,0.26666666666666666
2004-08-01,38636.04256,27.651645161290325,52.88700000000001,9.70667741935484,0,0.2903225806451613,27.652806451612907,23.14745161290323,47.90500000000001,103.138,10.015967741935485,15.22845161290323,2.0,1.0,0.2903225806451613,0.3225806451612903
2004-09-01,35314.81494,26.263833333333334,27.826,9.159,1,0.26666666666666666,27.651645161290325,25.84436666666667,52.88700000000001,250.93400000000003,9.70667741935484,11.102133333333335,0.0,0.0,0.2903225806451613,0.26666666666666666
2004-10-01,32782.26394,23.385258064516133,84.27600000000001,12.428064516129034,1,0.3225806451612903,26.263833333333334,27.652806451612907,27.826,47.90500000000001,9.159,10.015967741935485,1.0,2.0,0.26666666666666666,0.2903225806451613
2004-11-01,28436.40476,15.864366666666667,219.41400000000002,13.082400000000002,2,0.26666666666666666,23.385258064516133,27.651645161290325,84.27600000000001,52.88700000000001,12.428064516129034,9.70667741935484,1.0,0.0,0.3225806451612903,0.2903225806451613
2004-12-01,32001.01737,10.507193548387098,35.401,12.577000000000002,3,0.25806451612903225,15.864366666666667,26.263833333333334,219.41400000000002,27.826,13.082400000000002,9.159,2.0,1.0,0.26666666666666666,0.26666666666666666
2005-01-01,31494.10371,12.028806451612905,78.46100000000001,13.332612903225808,2,0.3225806451612903,10.507193548387098,23.385258064516133,35.401,84.27600000000001,12.577000000000002,12.428064516129034,3.0,1.0,0.25806451612903225,0.3225806451612903
2005-02-01,27232.63973,12.959000000000001,88.46100000000001,11.909750000000003,1,0.2857142857142857,12.028806451612905,15.864366666666667,78.46100000000001,219.41400000000002,13.332612903225808,13.082400000000002,2.0,2.0,0.3225806451612903,0.26666666666666666
2005-03-01,28585.76256,15.019032258064518,72.71400000000001,12.802225806451613,0,0.25806451612903225,12.959000000000001,10.507193548387098,88.46100000000001,35.401,11.909750000000003,12.577000000000002,1.0,3.0,0.2857142857142857,0.25806451612903225
2005-04-01,27803.14446,19.506100000000004,38.620000000000005,15.018566666666668,0,0.3,15.019032258064518,12.028806451612905,72.71400000000001,78.46100000000001,12.802225806451613,13.332612903225808,0.0,2.0,0.25806451612903225,0.3225806451612903
2005-05-01,33121.91804,23.45293548387097,70.73100000000001,11.482225806451615,1,0.2903225806451613,19.506100000000004,12.959000000000001,38.620000000000005,88.46100000000001,15.018566666666668,11.909750000000003,0.0,1.0,0.3,0.2857142857142857
2005-06-01,38446.04192,28.338600000000003,13.253000000000002,11.196966666666668,0,0.26666666666666666,23.45293548387097,15.019032258064518,70.73100000000001,72.71400000000001,11.482225806451615,12.802225806451613,1.0,0.0,0.2903225806451613,0.25806451612903225
2005-07-01,40485.60544,29.057709677419357,91.06600000000002,9.129354838709679,1,0.3225806451612903,28.338600000000003,19.506100000000004,13.253000000000002,38.620000000000005,11.196966666666668,15.018566666666668,0.0,0.0,0.26666666666666666,0.3
2005-08-01,41581.3042,29.783967741935488,23.899000000000004,8.632967741935484,0,0.25806451612903225,29.057709677419357,23.45293548387097,91.06600000000002,70.73100000000001,9.129354838709679,11.482225806451615,1.0,1.0,0.3225806451612903,0.2903225806451613
2005-09-01,36934.56434,28.883300000000006,47.57300000000001,10.763633333333335,1,0.26666666666666666,29.783967741935488,28.338600000000003,23.899000000000004,13.253000000000002,8.632967741935484,11.196966666666668,0.0,0.0,0.25806451612903225,0.26666666666666666
2005-10-01,30402.2021,21.55741935483871,33.447,11.099290322580647,1,0.3225806451612903,28.883300000000006,29.057709677419357,47.57300000000001,91.06600000000002,10.763633333333335,9.129354838709679,1.0,1.0,0.26666666666666666,0.3225806451612903
2005-11-01,29013.50807,17.34756666666667,34.68000000000001,12.843400000000003,2,0.26666666666666666,21.55741935483871,29.783967741935488,33.447,23.899000000000004,11.099290322580647,8.632967741935484,1.0,0.0,0.3225806451612903,0.25806451612903225
2005-12-01,31567.92758,11.00193548387097,46.45100000000001,12.850161290322584,2,0.2903225806451613,17.34756666666667,28.883300000000006,34.68000000000001,47.57300000000001,12.843400000000003,10.763633333333335,2.0,1.0,0.26666666666666666,0.26666666666666666
2006-01-01,28825.33201,14.360806451612905,56.32000000000001,14.934870967741936,3,0.2903225806451613,11.00193548387097,21.55741935483871,46.45100000000001,33.447,12.850161290322584,11.099290322580647,2.0,1.0,0.2903225806451613,0.3225806451612903
2006-02-01,27127.07133,11.75925,56.54200000000001,13.806178571428573,1,0.2857142857142857,14.360806451612905,17.34756666666667,56.32000000000001,34.68000000000001,14.934870967741936,12.843400000000003,3.0,2.0,0.2903225806451613,0.26666666666666666
2006-03-01,28999.05272,17.977419354838712,63.13100000000001,15.359096774193551,0,0.25806451612903225,11.75925,11.00193548387097,56.54200000000001,46.45100000000001,13.806178571428573,12.850161290322584,1.0,2.0,0.2857142857142857,0.2903225806451613
2006-04-01,30638.24506,22.899400000000004,62.744000000000014,14.716333333333335,0,0.3333333333333333,17.977419354838712,14.360806451612905,63.13100000000001,56.32000000000001,15.359096774193551,14.934870967741936,0.0,3.0,0.25806451612903225,0.2903225806451613
2006-05-01,35367.14982,25.11661290322581,49.309000000000005,13.963741935483872,1,0.25806451612903225,22.899400000000004,11.75925,62.744000000000014,56.54200000000001,14.716333333333335,13.806178571428573,0.0,1.0,0.3333333333333333,0.2857142857142857
2006-06-01,38186.7536,27.94943333333334,58.24400000000001,10.408833333333336,0,0.26666666666666666,25.11661290322581,17.977419354838712,49.309000000000005,63.13100000000001,13.963741935483872,15.359096774193551,1.0,0.0,0.25806451612903225,0.25806451612903225
2006-07-01,41653.66098,28.90851612903226,102.76200000000001,10.636419354838711,1,0.3225806451612903,27.94943333333334,22.899400000000004,58.24400000000001,62.744000000000014,10.408833333333336,14.716333333333335,0.0,0.0,0.26666666666666666,0.3333333333333333
2006-08-01,43636.88702,30.399935483870973,31.771000000000004,10.541451612903227,0,0.25806451612903225,28.90851612903226,25.11661290322581,102.76200000000001,49.309000000000005,10.636419354838711,13.963741935483872,1.0,1.0,0.3225806451612903,0.25806451612903225
2006-09-01,35107.09138,26.005866666666673,54.02400000000001,10.951466666666668,1,0.3,30.399935483870973,27.94943333333334,31.771000000000004,58.24400000000001,10.541451612903227,10.408833333333336,0.0,0.0,0.25806451612903225,0.26666666666666666
2006-10-01,31568.26868,21.63809677419355,140.722,12.201064516129033,1,0.2903225806451613,26.005866666666673,28.90851612903226,54.02400000000001,102.76200000000001,10.951466666666668,10.636419354838711,1.0,1.0,0.3,0.3225806451612903
2006-11-01,28391.48381,16.214100000000002,46.041000000000004,13.657600000000002,3,0.26666666666666666,21.63809677419355,30.399935483870973,140.722,31.771000000000004,12.201064516129033,10.541451612903227,1.0,0.0,0.2903225806451613,0.25806451612903225
2006-12-01,31081.88133,11.723709677419357,104.91400000000002,13.045741935483873,1,0.3225806451612903,16.214100000000002,26.005866666666673,46.041000000000004,54.02400000000001,13.657600000000002,10.951466666666668,3.0,1.0,0.26666666666666666,0.3
2007-01-01,34731.42637,8.462225806451613,156.39800000000002,12.641258064516132,2,0.25806451612903225,11.723709677419357,21.63809677419355,104.91400000000002,140.722,13.045741935483873,12.201064516129033,1.0,1.0,0.3225806451612903,0.2903225806451613
2007-02-01,28768.17894,11.191035714285716,31.696000000000005,13.060928571428574,1,0.2857142857142857,8.462225806451613,16.214100000000002,156.39800000000002,46.041000000000004,12.641258064516132,13.657600000000002,2.0,3.0,0.25806451612903225,0.26666666666666666
2007-03-01,29110.2754,17.924548387096777,102.537,13.880903225806453,0,0.2903225806451613,11.191035714285716,11.723709677419357,31.696000000000005,104.91400000000002,13.060928571428574,13.045741935483873,1.0,1.0,0.2857142857142857,0.3225806451612903
2007-04-01,28753.91503,18.06566666666667,74.88400000000001,13.31016666666667,0,0.3,17.924548387096777,8.462225806451613,102.537,156.39800000000002,13.880903225806453,12.641258064516132,0.0,2.0,0.2903225806451613,0.25806451612903225
2007-05-01,32946.19128,23.083645161290324,190.87300000000005,11.43393548387097,1,0.25806451612903225,18.06566666666667,11.191035714285716,74.88400000000001,31.696000000000005,13.31016666666667,13.060928571428574,0.0,1.0,0.3,0.2857142857142857
2007-06-01,36563.9645,26.075100000000006,201.21900000000002,10.636633333333334,0,0.3,23.083645161290324,17.924548387096777,190.87300000000005,102.537,11.43393548387097,13.880903225806453,1.0,0.0,0.25806451612903225,0.2903225806451613
2007-07-01,38824.08254,25.973258064516134,188.34600000000003,8.111354838709678,1,0.2903225806451613,26.075100000000006,18.06566666666667,201.21900000000002,74.88400000000001,10.636633333333334,13.31016666666667,0.0,0.0,0.3,0.3
2007-08-01,42760.1797,28.410935483870972,67.239,9.165387096774195,0,0.25806451612903225,25.973258064516134,23.083645161290324,188.34600000000003,190.87300000000005,8.111354838709678,11.43393548387097,1.0,1.0,0.2903225806451613,0.25806451612903225
2007-09-01,36866.0032,26.17796666666667,79.924,8.593866666666667,1,0.3333333333333333,28.410935483870972,26.075100000000006,67.239,201.21900000000002,9.165387096774195,10.636633333333334,0.0,0.0,0.25806451612903225,0.3
2007-10-01,33750.99375,22.03309677419355,41.208000000000006,11.27683870967742,1,0.25806451612903225,26.17796666666667,25.973258064516134,79.924,188.34600000000003,8.593866666666667,8.111354838709678,1.0,1.0,0.3333333333333333,0.2903225806451613
2007-11-01,30256.46821,16.632433333333335,74.57100000000001,12.327700000000002,3,0.26666666666666666,22.03309677419355,28.410935483870972,41.208000000000006,67.239,11.27683870967742,9.165387096774195,1.0,0.0,0.25806451612903225,0.25806451612903225
2007-12-01,32160.61664,12.537161290322581,76.85600000000001,13.216935483870971,1,0.3225806451612903,16.632433333333335,26.17796666666667,74.57100000000001,79.924,12.327700000000002,8.593866666666667,3.0,1.0,0.26666666666666666,0.3333333333333333
2008-01-01,33892.89261,10.038612903225808,64.281,13.989032258064519,2,0.25806451612903225,12.537161290322581,22.03309677419355,76.85600000000001,41.208000000000006,13.216935483870971,11.27683870967742,1.0,1.0,0.3225806451612903,0.25806451612903225
2008-02-01,29521.60494,13.940724137931037,83.73,14.453034482758621,1,0.27586206896551724,10.038612903225808,16.632433333333335,64.281,74.57100000000001,13.989032258064519,12.327700000000002,2.0,3.0,0.25806451612903225,0.26666666666666666
2008-03-01,30820.90211,16.012419354838713,118.87600000000002,16.717032258064517,0,0.3225806451612903,13.940724137931037,12.537161290322581,83.73,76.85600000000001,14.453034482758621,13.216935483870971,1.0,1.0,0.27586206896551724,0.3225806451612903
2008-04-01,30029.21466,20.024200000000004,75.58300000000001,15.195100000000002,0,0.26666666666666666,16.012419354838713,10.038612903225808,118.87600000000002,64.281,16.717032258064517,13.989032258064519,0.0,2.0,0.3225806451612903,0.25806451612903225
2008-05-01,35722.05694,25.079354838709683,57.01300000000001,14.842322580645163,1,0.2903225806451613,20.024200000000004,13.940724137931037,75.58300000000001,83.73,15.195100000000002,14.453034482758621,0.0,1.0,0.26666666666666666,0.27586206896551724
2008-06-01,40142.01585,29.10503333333334,35.74400000000001,15.39996666666667,0,0.3,25.079354838709683,16.012419354838713,57.01300000000001,118.87600000000002,14.842322580645163,16.717032258064517,1.0,0.0,0.2903225806451613,0.3225806451612903
2008-07-01,42191.80399,29.428774193548392,30.837000000000003,11.286064516129034,1,0.25806451612903225,29.10503333333334,20.024200000000004,35.74400000000001,75.58300000000001,15.39996666666667,15.195100000000002,0.0,0.0,0.3,0.26666666666666666
2008-08-01,41297.41181,28.624064516129035,95.915,9.28283870967742,0,0.3225806451612903,29.428774193548392,25.079354838709683,30.837000000000003,57.01300000000001,11.286064516129034,14.842322580645163,1.0,1.0,0.25806451612903225,0.2903225806451613
2008-09-01,32323.72551,25.75166666666667,102.685,11.048366666666668,1,0.26666666666666666,28.624064516129035,29.10503333333334,95.915,35.74400000000001,9.28283870967742,15.39996666666667,0.0,0.0,0.3225806451612903,0.3
2008-10-01,30518.85383,20.749741935483872,31.730000000000004,10.945709677419357,1,0.25806451612903225,25.75166666666667,29.428774193548392,102.685,30.837000000000003,11.048366666666668,11.286064516129034,1.0,1.0,0.26666666666666666,0.25806451612903225
2008-11-01,27548.58167,16.291400000000003,46.443000000000005,12.000200000000003,2,0.3333333333333333,20.749741935483872,28.624064516129035,31.730000000000004,95.915,10.945709677419357,9.28283870967742,1.0,0.0,0.25806451612903225,0.3225806451612903
2008-12-01,30778.71705,11.780967741935486,45.281000000000006,15.353580645161292,1,0.25806451612903225,16.291400000000003,25.75166666666667,46.443000000000005,102.685,12.000200000000003,11.048366666666668,2.0,1.0,0.3333333333333333,0.26666666666666666
2009-01-01,30804.18013,11.049000000000001,27.614000000000004,13.32477419354839,2,0.2903225806451613,11.780967741935486,20.749741935483872,45.281000000000006,31.730000000000004,15.353580645161292,10.945709677419357,1.0,1.0,0.25806451612903225,0.25806451612903225
2009-02-01,26133.26562,15.241250000000003,38.25500000000001,15.992964285714288,1,0.2857142857142857,11.049000000000001,16.291400000000003,27.614000000000004,46.443000000000005,13.32477419354839,12.000200000000003,2.0,2.0,0.2903225806451613,0.3333333333333333
2009-03-01,29169.92578,16.393258064516132,83.34900000000002,15.638903225806454,0,0.2903225806451613,15.241250000000003,11.780967741935486,38.25500000000001,45.281000000000006,15.992964285714288,15.353580645161292,1.0,1.0,0.2857142857142857,0.25806451612903225
2009-04-01,28382.55439,19.65246666666667,146.73200000000003,16.770866666666667,0,0.26666666666666666,16.393258064516132,11.049000000000001,83.34900000000002,27.614000000000004,15.638903225806454,13.32477419354839,0.0,2.0,0.2903225806451613,0.2903225806451613
2009-05-01,33403.51195,24.382290322580648,66.894,12.314419354838712,1,0.3225806451612903,19.65246666666667,15.241250000000003,146.73200000000003,38.25500000000001,16.770866666666667,15.992964285714288,0.0,1.0,0.26666666666666666,0.2857142857142857
2009-06-01,39280.19251,29.13553333333334,26.865000000000002,12.868600000000002,0,0.26666666666666666,24.382290322580648,16.393258064516132,66.894,83.34900000000002,12.314419354838712,15.638903225806454,1.0,0.0,0.3225806451612903,0.2903225806451613
2009-07-01,42390.91971,30.541354838709683,45.037000000000006,11.120741935483872,2,0.25806451612903225,29.13553333333334,19.65246666666667,26.865000000000002,146.73200000000003,12.868600000000002,16.770866666666667,0.0,0.0,0.26666666666666666,0.26666666666666666
2009-08-01,42446.72307,30.19561290322581,19.344000000000005,10.673032258064516,0,0.3225806451612903,30.541354838709683,24.382290322580648,45.037000000000006,66.894,11.120741935483872,12.314419354838712,2.0,1.0,0.25806451612903225,0.3225806451612903
2009-09-01,34158.59167,24.935633333333335,138.44700000000003,9.605366666666669,1,0.26666666666666666,30.19561290322581,29.13553333333334,19.344000000000005,26.865000000000002,10.673032258064516,12.868600000000002,0.0,0.0,0.3225806451612903,0.26666666666666666
2009-10-01,30499.50698,20.007225806451615,255.59500000000003,13.690225806451615,1,0.2903225806451613,24.935633333333335,30.541354838709683,138.44700000000003,45.037000000000006,9.605366666666669,11.120741935483872,1.0,2.0,0.26666666666666666,0.25806451612903225
2009-11-01,27455.13339,15.546766666666668,93.20600000000002,10.842733333333335,2,0.3,20.007225806451615,30.19561290322581,255.59500000000003,19.344000000000005,13.690225806451615,10.673032258064516,1.0,0.0,0.2903225806451613,0.3225806451612903
2009-12-01,33043.4043,8.351387096774195,94.67200000000001,12.302387096774194,1,0.25806451612903225,15.546766666666668,24.935633333333335,93.20600000000002,138.44700000000003,10.842733333333335,9.605366666666669,2.0,1.0,0.3,0.26666666666666666
2010-01-01,33957.34754,8.346322580645163,96.89200000000001,12.863451612903228,2,0.3225806451612903,8.351387096774195,20.007225806451615,94.67200000000001,255.59500000000003,12.302387096774194,13.690225806451615,1.0,1.0,0.25806451612903225,0.2903225806451613
2010-02-01,30591.87236,7.562964285714287,90.06500000000001,12.723142857142859,1,0.2857142857142857,8.346322580645163,15.546766666666668,96.89200000000001,93.20600000000002,12.863451612903228,10.842733333333335,2.0,2.0,0.3225806451612903,0.3
2010-03-01,28953.54391,13.60235483870968,73.70000000000002,14.05151612903226,0,0.25806451612903225,7.562964285714287,8.351387096774195,90.06500000000001,94.67200000000001,12.723142857142859,12.302387096774194,1.0,1.0,0.2857142857142857,0.25806451612903225
2010-04-01,28187.33245,19.671433333333336,62.07500000000002,14.80596666666667,0,0.26666666666666666,13.60235483870968,8.346322580645163,73.70000000000002,96.89200000000001,14.05151612903226,12.863451612903228,0.0,2.0,0.25806451612903225,0.3225806451612903
2010-05-01,35235.1183,25.102419354838712,47.63000000000001,13.319161290322583,1,0.3225806451612903,19.671433333333336,7.562964285714287,62.07500000000002,90.06500000000001,14.80596666666667,12.723142857142859,0.0,1.0,0.26666666666666666,0.2857142857142857
2010-06-01,40229.0043,28.49876666666667,84.08100000000002,11.982533333333334,0,0.26666666666666666,25.102419354838712,13.60235483870968,47.63000000000001,73.70000000000002,13.319161290322583,14.05151612903226,1.0,0.0,0.3225806451612903,0.25806451612903225
2010-07-01,40896.37422,28.20535483870968,124.68500000000002,10.758677419354841,2,0.2903225806451613,28.49876666666667,19.671433333333336,84.08100000000002,62.07500000000002,11.982533333333334,14.80596666666667,0.0,0.0,0.26666666666666666,0.26666666666666666
2010-08-01,44721.59703,31.027129032258067,30.059,9.866032258064518,0,0.2903225806451613,28.20535483870968,25.102419354838712,124.68500000000002,47.63000000000001,10.758677419354841,13.319161290322583,2.0,1.0,0.2903225806451613,0.3225806451612903
2010-09-01,36369.18979,26.398600000000002,103.35400000000001,10.323833333333335,1,0.26666666666666666,31.027129032258067,28.49876666666667,30.059,84.08100000000002,9.866032258064518,11.982533333333334,0.0,0.0,0.2903225806451613,0.26666666666666666
2010-10-01,30753.34589,21.94067741935484,10.641000000000002,11.212806451612904,1,0.3225806451612903,26.398600000000002,28.20535483870968,103.35400000000001,124.68500000000002,10.323833333333335,10.758677419354841,1.0,2.0,0.26666666666666666,0.2903225806451613
2010-11-01,29376.46145,16.060166666666667,61.66400000000001,14.808400000000002,2,0.26666666666666666,21.94067741935484,31.027129032258067,10.641000000000002,30.059,11.212806451612904,9.866032258064518,1.0,0.0,0.3225806451612903,0.2903225806451613
2010-12-01,32423.85896,11.81267741935484,39.532000000000004,14.307709677419357,3,0.25806451612903225,16.060166666666667,26.398600000000002,61.66400000000001,103.35400000000001,14.808400000000002,10.323833333333335,2.0,1.0,0.26666666666666666,0.26666666666666666
2011-01-01,34297.13561,8.915741935483872,84.11700000000002,11.343129032258066,2,0.3225806451612903,11.81267741935484,21.94067741935484,39.532000000000004,10.641000000000002,14.307709677419357,11.212806451612904,3.0,1.0,0.25806451612903225,0.3225806451612903
2011-02-01,30263.90435,11.238714285714286,34.168000000000006,15.915928571428575,1,0.2857142857142857,8.915741935483872,16.060166666666667,84.11700000000002,61.66400000000001,11.343129032258066,14.808400000000002,2.0,2.0,0.3225806451612903,0.26666666666666666
2011-03-01,30275.74341,18.093903225806454,24.292000000000005,14.912451612903228,0,0.25806451612903225,11.238714285714286,11.81267741935484,34.168000000000006,39.532000000000004,15.915928571428575,14.307709677419357,1.0,3.0,0.2857142857142857,0.25806451612903225
2011-04-01,32606.96563,23.237266666666667,29.48100000000001,18.26953333333334,0,0.3,18.093903225806454,8.915741935483872,24.292000000000005,84.11700000000002,14.912451612903228,11.343129032258066,0.0,2.0,0.25806451612903225,0.3225806451612903
2011-05-01,35972.46286,24.44245161290323,67.688,17.477387096774198,1,0.2903225806451613,23.237266666666667,11.238714285714286,29.48100000000001,34.168000000000006,18.26953333333334,15.915928571428575,0.0,1.0,0.3,0.2857142857142857
2011-06-01,42806.72473,29.994966666666674,37.98500000000001,14.37186666666667,0,0.26666666666666666,24.44245161290323,18.093903225806454,67.688,24.292000000000005,17.477387096774198,14.912451612903228,1.0,0.0,0.2903225806451613,0.25806451612903225
2011-07-01,46569.32229,31.531967741935485,22.039,11.29309677419355,1,0.3225806451612903,29.994966666666674,23.237266666666667,37.98500000000001,29.48100000000001,14.37186666666667,18.26953333333334,0.0,0.0,0.26666666666666666,0.3
2011-08-01,48328.29138,32.91245161290323,7.120000000000001,11.049709677419356,0,0.25806451612903225,31.531967741935485,24.44245161290323,22.039,67.688,11.29309677419355,17.477387096774198,1.0,1.0,0.3225806451612903,0.2903225806451613
2011-09-01,38562.81039,28.28743333333334,26.302000000000003,11.523800000000001,1,0.26666666666666666,32.91245161290323,29.994966666666674,7.120000000000001,37.98500000000001,11.049709677419356,14.37186666666667,0.0,0.0,0.25806451612903225,0.26666666666666666
2011-10-01,32466.83295,21.66241935483871,44.723000000000006,11.950580645161292,1,0.3225806451612903,28.28743333333334,31.531967741935485,26.302000000000003,22.039,11.523800000000001,11.29309677419355,1.0,1.0,0.26666666666666666,0.3225806451612903
2011-11-01,29824.51776,16.716733333333334,83.47400000000002,15.006700000000002,2,0.26666666666666666,21.66241935483871,32.91245161290323,44.723000000000006,7.120000000000001,11.950580645161292,11.049709677419356,1.0,0.0,0.3225806451612903,0.25806451612903225
2011-12-01,33502.21222,10.986612903225808,131.54500000000002,12.853322580645163,2,0.2903225806451613,16.716733333333334,28.28743333333334,83.47400000000002,26.302000000000003,15.006700000000002,11.523800000000001,2.0,1.0,0.26666666666666666,0.26666666666666666
2012-01-01,32701.94936,12.604096774193549,92.86000000000001,13.509483870967744,3,0.2903225806451613,10.986612903225808,21.66241935483871,131.54500000000002,44.723000000000006,12.853322580645163,11.950580645161292,2.0,1.0,0.2903225806451613,0.3225806451612903
2012-02-01,29954.34494,13.367206896551727,110.47800000000001,12.907000000000002,1,0.27586206896551724,12.604096774193549,16.716733333333334,92.86000000000001,83.47400000000002,13.509483870967744,15.006700000000002,3.0,2.0,0.2903225806451613,0.26666666666666666
2012-03-01,32067.69945,18.606645161290324,157.79900000000004,14.103032258064518,0,0.2903225806451613,13.367206896551727,10.986612903225808,110.47800000000001,131.54500000000002,12.907000000000002,12.853322580645163,1.0,2.0,0.27586206896551724,0.2903225806451613
2012-04-01,32512.8329,21.799333333333337,76.512,14.024566666666669,0,0.3,18.606645161290324,12.604096774193549,157.79900000000004,92.86000000000001,14.103032258064518,13.509483870967744,0.0,3.0,0.2903225806451613,0.2903225806451613
2012-05-01,37423.58828,24.912354838709682,85.93400000000001,12.176322580645163,1,0.25806451612903225,21.799333333333337,13.367206896551727,76.512,110.47800000000001,14.024566666666669,12.907000000000002,0.0,1.0,0.3,0.27586206896551724
2012-06-01,41398.99954,28.570733333333337,47.278000000000006,10.896466666666669,0,0.3,24.912354838709682,18.606645161290324,85.93400000000001,157.79900000000004,12.176322580645163,14.103032258064518,1.0,0.0,0.25806451612903225,0.2903225806451613
2012-07-01,44070.96776,28.871838709677423,92.29900000000002,10.012290322580647,1,0.2903225806451613,28.570733333333337,21.799333333333337,47.278000000000006,76.512,10.896466666666669,14.024566666666669,0.0,0.0,0.3,0.3
2012-08-01,44691.37488,30.078032258064518,32.967000000000006,10.613387096774195,0,0.25806451612903225,28.871838709677423,24.912354838709682,92.29900000000002,85.93400000000001,10.012290322580647,12.176322580645163,1.0,1.0,0.2903225806451613,0.25806451612903225
2012-09-01,37862.09996,26.503766666666667,106.67600000000002,10.398433333333335,1,0.3333333333333333,30.078032258064518,28.570733333333337,32.967000000000006,47.278000000000006,10.613387096774195,10.896466666666669,0.0,0.0,0.25806451612903225,0.3
2012-10-01,33155.23805,20.585064516129034,42.36800000000001,12.626612903225809,1,0.25806451612903225,26.503766666666667,28.871838709677423,106.67600000000002,92.29900000000002,10.398433333333335,10.012290322580647,1.0,1.0,0.3333333333333333,0.2903225806451613
2012-11-01,30369.07362,17.20266666666667,9.147000000000002,11.285233333333336,3,0.26666666666666666,20.585064516129034,30.078032258064518,42.36800000000001,32.967000000000006,12.626612903225809,10.613387096774195,1.0,0.0,0.25806451612903225,0.25806451612903225
2012-12-01,33604.34105,13.678548387096777,54.553000000000004,13.38625806451613,1,0.3225806451612903,17.20266666666667,26.503766666666667,9.147000000000002,106.67600000000002,11.285233333333336,10.398433333333335,3.0,1.0,0.26666666666666666,0.3333333333333333
2013-01-01,33792.19159,11.360483870967744,136.59900000000002,13.19767741935484,2,0.25806451612903225,13.678548387096777,20.585064516129034,54.553000000000004,42.36800000000001,13.38625806451613,12.626612903225809,1.0,1.0,0.3225806451612903,0.25806451612903225
2013-02-01,28598.94279,13.192214285714288,76.07900000000001,13.683142857142858,1,0.2857142857142857,11.360483870967744,17.20266666666667,136.59900000000002,9.147000000000002,13.19767741935484,11.285233333333336,2.0,3.0,0.25806451612903225,0.26666666666666666
2013-03-01,31131.87949,15.352064516129033,47.55800000000001,14.683225806451615,0,0.3225806451612903,13.192214285714288,13.678548387096777,76.07900000000001,54.553000000000004,13.683142857142858,13.38625806451613,1.0,1.0,0.2857142857142857,0.3225806451612903
2013-04-01,30960.14789,18.658533333333335,82.86500000000001,14.9852,0,0.26666666666666666,15.352064516129033,11.360483870967744,47.55800000000001,136.59900000000002,14.683225806451615,13.19767741935484,0.0,2.0,0.3225806451612903,0.25806451612903225
2013-05-01,35878.40078,23.15703225806452,94.56000000000002,15.24141935483871,1,0.25806451612903225,18.658533333333335,13.192214285714288,82.86500000000001,76.07900000000001,14.9852,13.683142857142858,0.0,1.0,0.26666666666666666,0.2857142857142857
2013-06-01,41110.19999,28.431366666666673,44.88400000000001,11.418233333333335,0,0.3333333333333333,23.15703225806452,15.352064516129033,94.56000000000002,47.55800000000001,15.24141935483871,14.683225806451615,1.0,0.0,0.25806451612903225,0.3225806451612903
2013-07-01,43381.63203,28.82961290322581,55.03300000000001,10.727903225806454,1,0.25806451612903225,28.431366666666673,18.658533333333335,44.88400000000001,82.86500000000001,11.418233333333335,14.9852,0.0,0.0,0.3333333333333333,0.26666666666666666
2013-08-01,45474.10483,29.9661935483871,30.507,9.922322580645163,0,0.2903225806451613,28.82961290322581,23.15703225806452,55.03300000000001,94.56000000000002,10.727903225806454,15.24141935483871,1.0,1.0,0.25806451612903225,0.25806451612903225
2013-09-01,39770.04937,27.528533333333336,109.18400000000001,9.602900000000002,1,0.3,29.9661935483871,28.431366666666673,30.507,44.88400000000001,9.922322580645163,11.418233333333335,0.0,0.0,0.2903225806451613,0.3333333333333333
2013-10-01,34003.44183,21.065322580645166,124.65200000000002,11.260387096774195,1,0.25806451612903225,27.528533333333336,28.82961290322581,109.18400000000001,55.03300000000001,9.602900000000002,10.727903225806454,1.0,1.0,0.3,0.25806451612903225
2013-11-01,32565.92714,13.461866666666669,73.10400000000001,13.063433333333336,2,0.3,21.065322580645166,29.9661935483871,124.65200000000002,30.507,11.260387096774195,9.922322580645163,1.0,0.0,0.25806451612903225,0.2903225806451613
2013-12-01,36713.24797,9.110064516129034,34.830000000000005,11.765580645161291,1,0.2903225806451613,13.461866666666669,27.528533333333336,73.10400000000001,109.18400000000001,13.063433333333336,9.602900000000002,2.0,1.0,0.3,0.3
2014-01-01,36722.2954,8.809580645161292,22.596000000000004,14.676064516129035,2,0.25806451612903225,9.110064516129034,21.065322580645166,34.830000000000005,124.65200000000002,11.765580645161291,11.260387096774195,1.0,1.0,0.2903225806451613,0.25806451612903225
2014-02-01,32405.51265,10.830107142857145,36.84100000000001,13.69639285714286,1,0.2857142857142857,8.809580645161292,13.461866666666669,22.596000000000004,73.10400000000001,14.676064516129035,13.063433333333336,2.0,2.0,0.25806451612903225,0.3
2014-03-01,32716.41735,13.86625806451613,74.66900000000001,14.2581935483871,0,0.3225806451612903,10.830107142857145,9.110064516129034,36.84100000000001,34.830000000000005,13.69639285714286,11.765580645161291,1.0,1.0,0.2857142857142857,0.2903225806451613
2014-04-01,31355.59875,19.887433333333334,47.05800000000001,15.474266666666669,0,0.26666666666666666,13.86625806451613,8.809580645161292,74.66900000000001,22.596000000000004,14.2581935483871,14.676064516129035,0.0,2.0,0.3225806451612903,0.25806451612903225
2014-05-01,35309.5811,23.14583870967742,126.44800000000002,14.750129032258068,1,0.2903225806451613,19.887433333333334,10.830107142857145,47.05800000000001,36.84100000000001,15.474266666666669,13.69639285714286,0.0,1.0,0.26666666666666666,0.2857142857142857
2014-06-01,39684.338,27.055200000000003,86.18500000000002,13.464133333333335,0,0.3,23.14583870967742,13.86625806451613,126.44800000000002,74.66900000000001,14.750129032258068,14.2581935483871,1.0,0.0,0.2903225806451613,0.3225806451612903
2014-07-01,43528.54068,28.51003225806452,51.71700000000001,9.485645161290325,1,0.25806451612903225,27.055200000000003,19.887433333333334,86.18500000000002,47.05800000000001,13.464133333333335,15.474266666666669,0.0,0.0,0.3,0.26666666666666666
2014-08-01,45326.01908,29.46770967741936,46.556000000000004,10.640645161290324,0,0.3225806451612903,28.51003225806452,23.14583870967742,51.71700000000001,126.44800000000002,9.485645161290325,14.750129032258068,1.0,1.0,0.25806451612903225,0.2903225806451613
2014-09-01,39350.66209,26.265800000000006,81.986,9.571800000000001,1,0.26666666666666666,29.46770967741936,27.055200000000003,46.556000000000004,86.18500000000002,10.640645161290324,13.464133333333335,0.0,0.0,0.3225806451612903,0.3
2014-10-01,34572.01238,22.83551612903226,48.86200000000001,11.31209677419355,1,0.25806451612903225,26.265800000000006,28.51003225806452,81.986,51.71700000000001,9.571800000000001,9.485645161290325,1.0,1.0,0.26666666666666666,0.25806451612903225
2014-11-01,32283.78925,13.101600000000001,92.07400000000001,14.022800000000002,2,0.3333333333333333,22.83551612903226,29.46770967741936,48.86200000000001,46.556000000000004,11.31209677419355,10.640645161290324,1.0,0.0,0.25806451612903225,0.3225806451612903
2014-12-01,34374.90115,12.542870967741937,61.52400000000001,12.040161290322583,1,0.25806451612903225,13.101600000000001,26.265800000000006,92.07400000000001,81.986,14.022800000000002,9.571800000000001,2.0,1.0,0.3333333333333333,0.26666666666666666
2015-01-01,38033.77948,8.30409677419355,85.27300000000001,11.858645161290324,2,0.2903225806451613,12.542870967741937,22.83551612903226,61.52400000000001,48.86200000000001,12.040161290322583,11.31209677419355,1.0,1.0,0.25806451612903225,0.25806451612903225
2015-02-01,33286.88716,10.122285714285715,41.07800000000001,13.184285714285716,1,0.2857142857142857,8.30409677419355,13.101600000000001,85.27300000000001,92.07400000000001,11.858645161290324,14.022800000000002,2.0,2.0,0.2903225806451613,0.3333333333333333
2015-03-01,32927.70212,14.764709677419358,122.41600000000001,11.152967741935486,0,0.2903225806451613,10.122285714285715,12.542870967741937,41.07800000000001,61.52400000000001,13.184285714285716,12.040161290322583,1.0,1.0,0.2857142857142857,0.25806451612903225
2015-04-01,31881.33263,20.744033333333338,166.13300000000004,12.422300000000002,0,0.26666666666666666,14.764709677419358,8.30409677419355,122.41600000000001,85.27300000000001,11.152967741935486,11.858645161290324,0.0,2.0,0.2903225806451613,0.2903225806451613
2015-05-01,35767.70044,23.141129032258068,247.49500000000003,13.218129032258066,1,0.3225806451612903,20.744033333333338,10.122285714285715,166.13300000000004,41.07800000000001,12.422300000000002,13.184285714285716,0.0,1.0,0.26666666666666666,0.2857142857142857
2015-06-01,41497.96681,26.33956666666667,113.83500000000001,9.981866666666667,0,0.26666666666666666,23.141129032258068,14.764709677419358,247.49500000000003,122.41600000000001,13.218129032258066,11.152967741935486,1.0,0.0,0.3225806451612903,0.2903225806451613
2015-07-01,46777.60085,29.108193548387103,13.833000000000002,12.327225806451615,2,0.25806451612903225,26.33956666666667,20.744033333333338,113.83500000000001,166.13300000000004,9.981866666666667,12.422300000000002,0.0,0.0,0.26666666666666666,0.26666666666666666
2015-08-01,46703.12747,29.692677419354844,32.507000000000005,9.470967741935485,0,0.3225806451612903,29.108193548387103,23.141129032258068,13.833000000000002,247.49500000000003,12.327225806451615,13.218129032258066,2.0,1.0,0.25806451612903225,0.3225806451612903
2015-09-01,41359.40157,27.218266666666672,53.583000000000006,9.147400000000001,1,0.26666666666666666,29.692677419354844,26.33956666666667,32.507000000000005,113.83500000000001,9.470967741935485,9.981866666666667,0.0,0.0,0.3225806451612903,0.26666666666666666
2015-10-01,35150.53259,22.947064516129032,218.604,11.757645161290323,1,0.2903225806451613,27.218266666666672,29.108193548387103,53.583000000000006,13.833000000000002,9.147400000000001,12.327225806451615,1.0,2.0,0.26666666666666666,0.25806451612903225
2015-11-01,31810.61796,16.278000000000002,147.591,12.423266666666668,2,0.3,22.947064516129032,29.692677419354844,218.604,32.507000000000005,11.757645161290323,9.470967741935485,1.0,0.0,0.2903225806451613,0.3225806451612903
2015-12-01,34629.68689,13.545741935483873,102.51800000000001,12.678225806451614,1,0.25806451612903225,16.278000000000002,27.218266666666672,147.591,53.583000000000006,12.423266666666668,9.147400000000001,2.0,1.0,0.3,0.26666666666666666
2016-01-01,35689.37823,9.775387096774194,47.910000000000004,12.153322580645163,2,0.3225806451612903,13.545741935483873,22.947064516129032,102.51800000000001,218.604,12.678225806451614,11.757645161290323,1.0,1.0,0.25806451612903225,0.2903225806451613
2016-02-01,31506.7298,13.909758620689656,46.249,13.565758620689657,1,0.27586206896551724,9.775387096774194,16.278000000000002,47.910000000000004,147.591,12.153322580645163,12.423266666666668,2.0,2.0,0.3225806451612903,0.3
2016-03-01,32629.9978,17.683129032258066,130.66400000000002,14.752451612903227,0,0.25806451612903225,13.909758620689656,13.545741935483873,46.249,102.51800000000001,13.565758620689657,12.678225806451614,1.0,1.0,0.27586206896551724,0.25806451612903225
2016-04-01,32588.03396,20.3884,169.09300000000005,12.773633333333335,0,0.3,17.683129032258066,9.775387096774194,130.66400000000002,47.910000000000004,14.752451612903227,12.153322580645163,0.0,2.0,0.25806451612903225,0.3225806451612903
2016-05-01,36791.2962,22.90993548387097,139.42800000000003,12.34661290322581,1,0.2903225806451613,20.3884,13.909758620689656,169.09300000000005,46.249,12.773633333333335,13.565758620689657,0.0,1.0,0.3,0.27586206896551724
2016-06-01,42712.36254,26.92596666666667,129.917,9.561100000000001,0,0.26666666666666666,22.90993548387097,17.683129032258066,139.42800000000003,130.66400000000002,12.34661290322581,14.752451612903227,1.0,0.0,0.2903225806451613,0.25806451612903225
2016-07-01,48043.80099,29.890741935483877,47.979000000000006,12.785419354838712,1,0.3225806451612903,26.92596666666667,20.3884,129.917,169.09300000000005,9.561100000000001,12.773633333333335,0.0,0.0,0.26666666666666666,0.3
2016-08-01,46339.1152,28.187774193548393,216.57500000000002,9.305870967741937,0,0.25806451612903225,29.890741935483877,22.90993548387097,47.979000000000006,139.42800000000003,12.785419354838712,12.34661290322581,1.0,1.0,0.3225806451612903,0.2903225806451613
2016-09-01,41873.67951,26.56206666666667,57.51200000000001,8.471966666666669,1,0.26666666666666666,28.187774193548393,26.92596666666667,216.57500000000002,129.917,9.305870967741937,9.561100000000001,0.0,0.0,0.25806451612903225,0.26666666666666666
2016-10-01,37505.83694,23.22129032258065,12.020000000000001,10.43467741935484,1,0.3225806451612903,26.56206666666667,29.890741935483877,57.51200000000001,47.979000000000006,8.471966666666669,12.785419354838712,1.0,1.0,0.26666666666666666,0.3225806451612903
2016-11-01,32417.63644,18.315833333333334,89.10200000000002,11.48916666666667,2,0.26666666666666666,23.22129032258065,28.187774193548393,12.020000000000001,216.57500000000002,10.43467741935484,9.305870967741937,1.0,0.0,0.3225806451612903,0.25806451612903225
2016-12-01,35949.72345,12.556322580645162,101.04500000000002,13.518032258064519,2,0.2903225806451613,18.315833333333334,26.56206666666667,89.10200000000002,57.51200000000001,11.48916666666667,8.471966666666669,2.0,1.0,0.26666666666666666,0.26666666666666666
2017-01-01,35323.27478,12.812935483870968,85.50100000000002,14.863193548387098,3,0.2903225806451613,12.556322580645162,23.22129032258065,101.04500000000002,12.020000000000001,13.518032258064519,10.43467741935484,2.0,1.0,0.2903225806451613,0.3225806451612903
2017-02-01,30118.8418,16.678285714285717,79.656,15.090964285714287,1,0.2857142857142857,12.812935483870968,18.315833333333334,85.50100000000002,89.10200000000002,14.863193548387098,11.48916666666667,3.0,2.0,0.2903225806451613,0.26666666666666666
2017-03-01,33519.3888,18.699580645161294,109.43500000000002,15.604903225806455,0,0.25806451612903225,16.678285714285717,12.556322580645162,79.656,101.04500000000002,15.090964285714287,13.518032258064519,1.0,2.0,0.2857142857142857,0.2903225806451613
2017-04-01,33275.03988,20.858500000000003,139.61200000000002,16.424500000000002,0,0.3333333333333333,18.699580645161294,12.812935483870968,109.43500000000002,85.50100000000002,15.604903225806455,14.863193548387098,0.0,3.0,0.25806451612903225,0.2903225806451613
2017-05-01,38102.41912,23.308709677419355,164.18900000000002,15.557709677419357,1,0.25806451612903225,20.858500000000003,16.678285714285717,139.61200000000002,79.656,16.424500000000002,15.090964285714287,0.0,1.0,0.3333333333333333,0.2857142857142857
2017-06-01,42055.03266,26.579433333333334,195.11700000000002,12.573733333333335,0,0.26666666666666666,23.308709677419355,18.699580645161294,164.18900000000002,109.43500000000002,15.557709677419357,15.604903225806455,1.0,0.0,0.25806451612903225,0.25806451612903225
2017-07-01,47951.5203,28.969129032258067,87.25600000000001,10.635483870967743,1,0.3225806451612903,26.579433333333334,20.858500000000003,195.11700000000002,139.61200000000002,12.573733333333335,16.424500000000002,0.0,0.0,0.26666666666666666,0.3333333333333333
2017-08-01,45485.64623,27.677741935483873,413.76800000000003,13.343322580645165,0,0.25806451612903225,28.969129032258067,23.308709677419355,87.25600000000001,164.18900000000002,10.635483870967743,15.557709677419357,1.0,1.0,0.3225806451612903,0.25806451612903225
2017-09-01,39044.10758,25.710900000000002,84.58500000000001,10.990200000000003,1,0.3,27.677741935483873,26.579433333333334,413.76800000000003,195.11700000000002,13.343322580645165,12.573733333333335,0.0,0.0,0.25806451612903225,0.26666666666666666
2017-10-01,35971.20286,21.299161290322584,113.57500000000002,12.532483870967743,1,0.2903225806451613,25.710900000000002,28.969129032258067,84.58500000000001,87.25600000000001,10.990200000000003,10.635483870967743,1.0,1.0,0.3,0.3225806451612903
2017-11-01,33803.68565,18.076933333333336,39.529,12.871366666666669,3,0.26666666666666666,21.299161290322584,27.677741935483873,113.57500000000002,413.76800000000003,12.532483870967743,13.343322580645165,1.0,0.0,0.2903225806451613,0.25806451612903225
2017-12-01,38144.20556,11.070580645161291,98.29,12.513096774193551,1,0.3225806451612903,18.076933333333336,25.710900000000002,39.529,84.58500000000001,12.871366666666669,10.990200000000003,3.0,1.0,0.26666666666666666,0.3
2018-01-01,40065.67622,8.069548387096775,45.437000000000005,13.7961935483871,2,0.25806451612903225,11.070580645161291,21.299161290322584,98.29,113.57500000000002,12.513096774193551,12.532483870967743,1.0,1.0,0.3225806451612903,0.2903225806451613
2018-02-01,33330.65198,13.530214285714289,200.83200000000002,14.854714285714289,1,0.2857142857142857,8.069548387096775,18.076933333333336,45.437000000000005,39.529,13.7961935483871,12.871366666666669,2.0,3.0,0.25806451612903225,0.26666666666666666
2018-03-01,34040.80438,17.810000000000006,100.13400000000001,14.948741935483874,0,0.2903225806451613,13.530214285714289,11.070580645161291,200.83200000000002,98.29,14.854714285714289,12.513096774193551,1.0,1.0,0.2857142857142857,0.3225806451612903
2018-04-01,33445.93539,18.38863333333334,57.516000000000005,15.963100000000003,0,0.3,17.810000000000006,8.069548387096775,100.13400000000001,45.437000000000005,14.948741935483874,13.7961935483871,0.0,2.0,0.2903225806451613,0.25806451612903225
2018-05-01,42410.65813,25.89529032258065,88.61400000000002,13.474580645161291,1,0.25806451612903225,18.38863333333334,13.530214285714289,57.516000000000005,200.83200000000002,15.963100000000003,14.854714285714289,0.0,1.0,0.3,0.2857142857142857
2018-06-01,45624.39645,28.79426666666667,136.544,15.551133333333334,0,0.3,25.89529032258065,17.810000000000006,88.61400000000002,100.13400000000001,13.474580645161291,14.948741935483874,1.0,0.0,0.25806451612903225,0.2903225806451613
2018-07-01,49377.62479,29.639387096774197,115.56400000000002,10.733645161290324,1,0.2903225806451613,28.79426666666667,18.38863333333334,136.544,57.516000000000005,15.551133333333334,15.963100000000003,0.0,0.0,0.3,0.3
2018-08-01,48686.31346,29.138806451612908,90.30000000000001,11.799129032258065,0,0.25806451612903225,29.639387096774197,25.89529032258065,115.56400000000002,88.61400000000002,10.733645161290324,13.474580645161291,1.0,1.0,0.2903225806451613,0.25806451612903225
2018-09-01,40852.79884,25.082500000000003,423.5110000000001,9.907366666666668,1,0.3333333333333333,29.138806451612908,28.79426666666667,90.30000000000001,136.544,11.799129032258065,15.551133333333334,0.0,0.0,0.25806451612903225,0.3
2018-10-01,37227.79198,20.300903225806454,234.82200000000003,13.23825806451613,1,0.25806451612903225,25.082500000000003,29.639387096774197,423.5110000000001,115.56400000000002,9.907366666666668,10.733645161290324,1.0,1.0,0.3333333333333333,0.2903225806451613
2018-11-01,35405.32382,12.984466666666668,85.92800000000001,14.126366666666668,3,0.26666666666666666,20.300903225806454,29.138806451612908,234.82200000000003,90.30000000000001,13.23825806451613,11.799129032258065,1.0,0.0,0.25806451612903225,0.25806451612903225
2018-12-01,36884.44916,11.427741935483873,175.30800000000002,14.568612903225809,1,0.3225806451612903,12.984466666666668,25.082500000000003,85.92800000000001,423.5110000000001,14.126366666666668,9.907366666666668,3.0,1.0,0.26666666666666666,0.3333333333333333
2019-01-01,38718.32439,9.899645161290325,88.89800000000001,13.873774193548389,2,0.25806451612903225,11.427741935483873,20.300903225806454,175.30800000000002,234.82200000000003,14.568612903225809,13.23825806451613,1.0,1.0,0.3225806451612903,0.25806451612903225
2019-02-01,33959.65067,13.164285714285715,102.90100000000002,14.803857142857144,1,0.2857142857142857,9.899645161290325,12.984466666666668,88.89800000000001,85.92800000000001,13.873774193548389,14.126366666666668,2.0,3.0,0.25806451612903225,0.26666666666666666
2019-03-01,35387.8408,14.789290322580648,66.31500000000001,15.111645161290324,0,0.3225806451612903,13.164285714285715,11.427741935483873,102.90100000000002,175.30800000000002,14.803857142857144,14.568612903225809,1.0,1.0,0.2857142857142857,0.3225806451612903
2019-04-01,33427.33416,19.4018,186.401,16.26816666666667,0,0.26666666666666666,14.789290322580648,9.899645161290325,66.31500000000001,88.89800000000001,15.111645161290324,13.873774193548389,0.0,2.0,0.3225806451612903,0.25806451612903225
2019-05-01,40327.46631,23.639645161290325,295.7130000000001,15.881064516129033,1,0.25806451612903225,19.4018,13.164285714285715,186.401,102.90100000000002,16.26816666666667,14.803857142857144,0.0,1.0,0.26666666666666666,0.2857142857142857
2019-06-01,43505.43724,26.65566666666667,129.37800000000001,12.414400000000002,0,0.3333333333333333,23.639645161290325,14.789290322580648,295.7130000000001,66.31500000000001,15.881064516129033,15.111645161290324,1.0,0.0,0.25806451612903225,0.3225806451612903
2019-07-01,48793.15623,28.529677419354844,62.63400000000001,12.437806451612905,1,0.25806451612903225,26.65566666666667,19.4018,129.37800000000001,186.401,12.414400000000002,16.26816666666667,0.0,0.0,0.3333333333333333,0.26666666666666666
2019-08-01,51055.34593,30.130000000000003,73.46300000000001,11.085903225806454,0,0.2903225806451613,28.529677419354844,23.639645161290325,62.63400000000001,295.7130000000001,12.437806451612905,15.881064516129033,1.0,1.0,0.25806451612903225,0.25806451612903225
2019-09-01,45715.08562,28.75846666666667,172.89800000000002,12.613033333333336,1,0.3,30.130000000000003,26.65566666666667,73.46300000000001,129.37800000000001,11.085903225806454,12.414400000000002,0.0,0.0,0.2903225806451613,0.3333333333333333
2019-10-01,38322.01803,20.88261290322581,176.03700000000003,14.152935483870971,1,0.25806451612903225,28.75846666666667,28.529677419354844,172.89800000000002,62.63400000000001,12.613033333333336,12.437806451612905,1.0,1.0,0.3,0.25806451612903225
2019-11-01,36010.97888,13.836400000000001,68.63400000000001,13.37106666666667,2,0.3,20.88261290322581,30.130000000000003,176.03700000000003,73.46300000000001,14.152935483870971,11.085903225806454,1.0,0.0,0.25806451612903225,0.2903225806451613
2019-12-01,37978.39239,12.29309677419355,46.07300000000001,12.413645161290324,1,0.2903225806451613,13.836400000000001,28.75846666666667,68.63400000000001,172.89800000000002,13.37106666666667,12.613033333333336,2.0,1.0,0.3,0.3
2020-01-01,37446.86896,13.00725806451613,118.92300000000002,13.957161290322583,2,0.25806451612903225,12.29309677419355,20.88261290322581,46.07300000000001,176.03700000000003,12.413645161290324,14.152935483870971,1.0,1.0,0.2903225806451613,0.25806451612903225
2020-02-01,35740.77277,11.95751724137931,107.23600000000002,15.162137931034485,1,0.3103448275862069,13.00725806451613,13.836400000000001,118.92300000000002,68.63400000000001,13.957161290322583,13.37106666666667,2.0,2.0,0.25806451612903225,0.3
2020-03-01,35127.85535,19.37161290322581,146.675,15.35809677419355,0,0.2903225806451613,11.95751724137931,12.29309677419355,107.23600000000002,46.07300000000001,15.162137931034485,12.413645161290324,1.0,1.0,0.3103448275862069,0.2903225806451613
2020-04-01,33608.46393,19.7174,148.00100000000003,14.345266666666669,0,0.26666666666666666,19.37161290322581,13.00725806451613,146.675,118.92300000000002,15.35809677419355,13.957161290322583,0.0,2.0,0.2903225806451613,0.25806451612903225
2020-05-01,38518.73069,23.81567741935484,190.67100000000002,14.67825806451613,1,0.3225806451612903,19.7174,11.95751724137931,148.00100000000003,107.23600000000002,14.345266666666669,15.162137931034485,0.0,1.0,0.26666666666666666,0.3103448275862069
2020-06-01,43621.40392,27.17646666666667,131.472,12.9166,0,0.26666666666666666,23.81567741935484,19.37161290322581,190.67100000000002,146.675,14.67825806451613,15.35809677419355,1.0,0.0,0.3225806451612903,0.2903225806451613
2020-07-01,49676.32593,29.321258064516133,116.751,13.109709677419357,2,0.25806451612903225,27.17646666666667,19.7174,131.472,148.00100000000003,12.9166,14.345266666666669,0.0,0.0,0.26666666666666666,0.26666666666666666
2020-08-01,49269.5944,29.95696774193549,43.139,11.587129032258067,0,0.3225806451612903,29.321258064516133,23.81567741935484,116.751,190.67100000000002,13.109709677419357,14.67825806451613,2.0,1.0,0.25806451612903225,0.3225806451612903
2020-09-01,40330.5354,24.879933333333337,189.18600000000004,13.2498,1,0.26666666666666666,29.95696774193549,27.17646666666667,43.139,131.472,11.587129032258067,12.9166,0.0,0.0,0.3225806451612903,0.26666666666666666
2020-10-01,38377.98375,20.94141935483871,70.72900000000001,13.150387096774194,1,0.2903225806451613,24.879933333333337,29.321258064516133,189.18600000000004,116.751,13.2498,13.109709677419357,1.0,2.0,0.26666666666666666,0.25806451612903225
2020-11-01,34050.219,17.935366666666667,77.03900000000002,12.771066666666668,2,0.3,20.94141935483871,29.95696774193549,70.72900000000001,43.139,13.150387096774194,11.587129032258067,1.0,0.0,0.2903225806451613,0.3225806451612903
2020-12-01,37746.176,11.603451612903227,140.841,13.619870967741937,1,0.25806451612903225,17.935366666666667,24.879933333333337,77.03900000000002,189.18600000000004,12.771066666666668,13.2498,2.0,1.0,0.3,0.26666666666666666
2021-01-01,38351.36524,10.861612903225808,73.74000000000001,13.774870967741938,2,0.3225806451612903,11.603451612903227,20.94141935483871,140.841,70.72900000000001,13.619870967741937,13.150387096774194,1.0,1.0,0.25806451612903225,0.2903225806451613
2021-02-01,34893.75769,8.403321428571429,99.40400000000001,15.385285714285716,1,0.2857142857142857,10.861612903225808,17.935366666666667,73.74000000000001,77.03900000000002,13.774870967741938,12.771066666666668,2.0,2.0,0.3225806451612903,0.3
2021-03-01,33658.294,16.827129032258068,106.15200000000002,16.27293548387097,0,0.25806451612903225,8.403321428571429,11.603451612903227,99.40400000000001,140.841,15.385285714285716,13.619870967741937,1.0,1.0,0.2857142857142857,0.25806451612903225
2021-04-01,34880.87347,19.408800000000003,152.101,16.069533333333336,0,0.26666666666666666,16.827129032258068,10.861612903225808,106.15200000000002,73.74000000000001,16.27293548387097,13.774870967741938,0.0,2.0,0.25806451612903225,0.3225806451612903
2021-05-01,39134.10724,22.57829032258065,332.92500000000007,14.698096774193552,1,0.3225806451612903,19.408800000000003,8.403321428571429,152.101,99.40400000000001,16.069533333333336,15.385285714285716,0.0,1.0,0.26666666666666666,0.2857142857142857
2021-06-01,45973.06926,26.776666666666674,235.12500000000003,11.627100000000002,2,0.26666666666666666,22.57829032258065,16.827129032258068,332.92500000000007,106.15200000000002,14.698096774193552,16.27293548387097,1.0,0.0,0.3225806451612903,0.25806451612903225
2021-07-01,48399.56257,27.274612903225812,279.32300000000004,9.790774193548387,2,0.2903225806451613,26.776666666666674,19.408800000000003,235.12500000000003,152.101,11.627100000000002,16.069533333333336,2.0,0.0,0.26666666666666666,0.26666666666666666
2021-08-01,50055.9679,28.033000000000005,160.10200000000003,10.268935483870969,0,0.2903225806451613,27.274612903225812,22.57829032258065,279.32300000000004,332.92500000000007,9.790774193548387,14.698096774193552,2.0,1.0,0.2903225806451613,0.3225806451612903
2021-09-01,44161.37741,26.60873333333334,101.24400000000001,10.349400000000001,1,0.26666666666666666,28.033000000000005,26.776666666666674,160.10200000000003,235.12500000000003,10.268935483870969,11.627100000000002,0.0,2.0,0.2903225806451613,0.26666666666666666
2021-10-01,39412.2624,22.43245161290323,180.84400000000002,12.514387096774197,1,0.3225806451612903,26.60873333333334,27.274612903225812,101.24400000000001,279.32300000000004,10.349400000000001,9.790774193548387,1.0,2.0,0.26666666666666666,0.2903225806451613
2021-11-01,35222.44676,15.600833333333336,101.94600000000003,12.437833333333336,2,0.26666666666666666,22.43245161290323,28.033000000000005,180.84400000000002,160.10200000000003,12.514387096774197,10.268935483870969,1.0,0.0,0.3225806451612903,0.2903225806451613
2021-12-01,37701.17176,17.533838709677422,78.40800000000002,13.768064516129034,3,0.25806451612903225,15.600833333333336,26.60873333333334,101.94600000000003,101.24400000000001,12.437833333333336,10.349400000000001,2.0,1.0,0.26666666666666666,0.26666666666666666
2022-01-01,41318.23875,9.708806451612904,87.37700000000001,13.724193548387099,2,0.3225806451612903,17.533838709677422,22.43245161290323,78.40800000000002,180.84400000000002,13.768064516129034,12.514387096774197,3.0,1.0,0.25806451612903225,0.3225806451612903
2022-02-01,38185.96504,9.452428571428571,73.584,15.223607142857146,1,0.2857142857142857,9.708806451612904,15.600833333333336,87.37700000000001,101.94600000000003,13.724193548387099,12.437833333333336,2.0,2.0,0.3225806451612903,0.26666666666666666
2022-03-01,36667.35743,15.601322580645164,91.17900000000002,16.206903225806453,0,0.25806451612903225,9.452428571428571,17.533838709677422,73.584,78.40800000000002,15.223607142857146,13.768064516129034,1.0,3.0,0.2857142857142857,0.25806451612903225
2022-04-01,37962.88085,21.78446666666667,105.00600000000001,18.75686666666667,0,0.3,15.601322580645164,9.708806451612904,91.17900000000002,87.37700000000001,16.206903225806453,13.724193548387099,0.0,2.0,0.25806451612903225,0.3225806451612903
2022-05-01,46264.31523,26.21629032258065,107.19200000000002,17.32235483870968,1,0.2903225806451613,21.78446666666667,9.452428571428571,105.00600000000001,73.584,18.75686666666667,15.223607142857146,0.0,1.0,0.3,0.2857142857142857
2022-06-01,50579.63377,29.587533333333337,61.886,13.456266666666668,2,0.26666666666666666,26.21629032258065,15.601322580645164,107.19200000000002,91.17900000000002,17.32235483870968,16.206903225806453,1.0,0.0,0.2903225806451613,0.25806451612903225
2022-07-01,55359.66064,31.167806451612908,46.376000000000005,13.227129032258066,1,0.3225806451612903,29.587533333333337,21.78446666666667,61.886,105.00600000000001,13.456266666666668,18.75686666666667,2.0,0.0,0.26666666666666666,0.3
2022-08-01,52202.67054,28.929967741935485,239.11600000000004,11.158709677419356,0,0.25806451612903225,31.167806451612908,26.21629032258065,46.376000000000005,107.19200000000002,13.227129032258066,17.32235483870968,1.0,1.0,0.3225806451612903,0.2903225806451613
2022-09-01,45244.57326,26.782233333333338,63.67900000000001,9.0571,1,0.26666666666666666,28.929967741935485,29.587533333333337,239.11600000000004,61.886,11.158709677419356,13.456266666666668,0.0,2.0,0.25806451612903225,0.26666666666666666
2022-10-01,39612.1515,21.469806451612907,101.019,12.607451612903228,1,0.3225806451612903,26.782233333333338,31.167806451612908,63.67900000000001,46.376000000000005,9.0571,13.227129032258066,1.0,1.0,0.26666666666666666,0.3225806451612903
2022-11-01,39632.34919,14.569700000000003,190.18400000000003,13.325233333333335,2,0.26666666666666666,21.469806451612907,28.929967741935485,101.019,239.11600000000004,12.607451612903228,11.158709677419356,1.0,0.0,0.3225806451612903,0.25806451612903225
2022-12-01,42533.54692,12.220064516129034,105.08200000000002,12.948870967741938,2,0.2903225806451613,14.569700000000003,26.782233333333338,190.18400000000003,63.67900000000001,13.325233333333335,9.0571,2.0,1.0,0.26666666666666666,0.26666666666666666
2023-01-01,41520.66627,13.198387096774194,104.39700000000002,14.464387096774196,3,0.2903225806451613,12.220064516129034,21.469806451612907,105.08200000000002,101.019,12.948870967741938,12.607451612903228,2.0,1.0,0.2903225806451613,0.3225806451612903
2023-02-01,38152.56198,13.253035714285716,78.54800000000002,15.373392857142859,1,0.2857142857142857,13.198387096774194,14.569700000000003,104.39700000000002,190.18400000000003,14.464387096774196,13.325233333333335,3.0,2.0,0.2903225806451613,0.26666666666666666
2023-03-01,40048.54061,17.90783870967742,126.69700000000002,16.065548387096776,0,0.25806451612903225,13.253035714285716,12.220064516129034,78.54800000000002,105.08200000000002,15.373392857142859,12.948870967741938,1.0,2.0,0.2857142857142857,0.2903225806451613
2023-04-01,38123.93956,19.099233333333338,180.03200000000004,14.941300000000002,0,0.3333333333333333,17.90783870967742,13.198387096774194,126.69700000000002,104.39700000000002,16.065548387096776,14.464387096774196,0.0,3.0,0.25806451612903225,0.2903225806451613
2023-05-01,44543.51493,23.451161290322585,175.49300000000002,10.61693548387097,1,0.25806451612903225,19.099233333333338,13.253035714285716,180.03200000000004,78.54800000000002,14.941300000000002,15.373392857142859,0.0,1.0,0.3333333333333333,0.2857142857142857
2023-06-01,51610.82744,28.453033333333337,97.561,12.267066666666668,1,0.26666666666666666,23.451161290322585,17.90783870967742,175.49300000000002,126.69700000000002,10.61693548387097,16.065548387096776,1.0,0.0,0.25806451612903225,0.25806451612903225
2023-07-01,57282.22839,30.7613870967742,49.290000000000006,12.04883870967742,1,0.3225806451612903,28.453033333333337,19.099233333333338,97.561,180.03200000000004,12.267066666666668,14.941300000000002,1.0,0.0,0.26666666666666666,0.3333333333333333
2023-08-01,60044.48073,32.87706451612904,4.636000000000001,13.047483870967744,0,0.25806451612903225,30.7613870967742,23.451161290322585,49.290000000000006,175.49300000000002,12.04883870967742,10.61693548387097,1.0,1.0,0.3225806451612903,0.25806451612903225
2023-09-01,51641.22369,28.997333333333337,71.65700000000001,10.67056666666667,1,0.3,32.87706451612904,28.453033333333337,4.636000000000001,97.561,13.047483870967744,12.267066666666668,0.0,1.0,0.25806451612903225,0.26666666666666666
2023-10-01,43164.13639,21.818645161290323,194.28000000000003,13.76551612903226,1,0.2903225806451613,28.997333333333337,30.7613870967742,71.65700000000001,49.290000000000006,10.67056666666667,12.04883870967742,1.0,1.0,0.3,0.3225806451612903
2023-11-01,39207.96224,15.224066666666669,98.89200000000001,12.243133333333335,3,0.26666666666666666,21.818645161290323,32.87706451612904,194.28000000000003,4.636000000000001,13.76551612903226,13.047483870967744,1.0,0.0,0.2903225806451613,0.25806451612903225
2023-12-01,41954.46264,12.756483870967743,86.77900000000001,12.588193548387098,1,0.3225806451612903,15.224066666666669,28.997333333333337,98.89200000000001,71.65700000000001,12.243133333333335,10.67056666666667,3.0,1.0,0.26666666666666666,0.3
2024-01-01,47150.91874,8.474967741935485,182.27700000000002,14.369838709677422,2,0.25806451612903225,12.756483870967743,21.818645161290323,86.77900000000001,194.28000000000003,12.588193548387098,13.76551612903226,1.0,1.0,0.3225806451612903,0.2903225806451613
2024-02-01,38821.43527,14.927172413793107,64.67000000000002,14.952517241379311,1,0.27586206896551724,8.474967741935485,15.224066666666669,182.27700000000002,98.89200000000001,14.369838709677422,12.243133333333335,2.0,3.0,0.25806451612903225,0.26666666666666666
2024-03-01,40483.43196,17.580774193548386,105.42300000000002,14.305322580645162,0,0.3225806451612903,14.927172413793107,12.756483870967743,64.67000000000002,86.77900000000001,14.952517241379311,12.588193548387098,1.0,1.0,0.27586206896551724,0.3225806451612903
2024-04-01,41074.20233,21.151833333333336,165.95800000000003,16.941233333333336,0,0.26666666666666666,17.580774193548386,8.474967741935485,105.42300000000002,182.27700000000002,14.305322580645162,14.369838709677422,0.0,2.0,0.3225806451612903,0.25806451612903225
2024-05-01,47572.53389,25.126,268.12800000000004,14.296322580645162,1,0.25806451612903225,21.151833333333336,14.927172413793107,165.95800000000003,64.67000000000002,16.941233333333336,14.952517241379311,0.0,1.0,0.26666666666666666,0.27586206896551724
2024-06-01,52377.67304,28.039866666666672,106.88600000000001,12.640200000000002,1,0.3333333333333333,25.126,17.580774193548386,268.12800000000004,105.42300000000002,14.296322580645162,14.305322580645162,1.0,0.0,0.25806451612903225,0.3225806451612903
2024-07-01,54302.87484,28.146838709677425,234.23000000000002,10.981000000000002,1,0.25806451612903225,28.039866666666672,21.151833333333336,106.88600000000001,165.95800000000003,12.640200000000002,16.941233333333336,1.0,0.0,0.3333333333333333,0.26666666666666666
2024-08-01,58513.95257,30.085838709677425,45.233000000000004,10.168709677419356,0,0.2903225806451613,28.146838709677425,25.126,234.23000000000002,268.12800000000004,10.981000000000002,14.296322580645162,1.0,1.0,0.25806451612903225,0.25806451612903225
2024-09-01,50206.27934,26.548666666666673,85.76,11.558100000000001,1,0.3,30.085838709677425,28.039866666666672,45.233000000000004,106.88600000000001,10.168709677419356,12.640200000000002,0.0,1.0,0.2903225806451613,0.3333333333333333
2024-10-01,47671.69087,24.523322580645164,13.145000000000001,12.175387096774196,1,0.25806451612903225,26.548666666666673,28.146838709677425,85.76,234.23000000000002,11.558100000000001,10.981000000000002,1.0,1.0,0.3,0.25806451612903225
2024-11-01,41930.84911,18.293000000000003,108.63900000000001,11.484366666666666,2,0.3,24.523322580645164,30.085838709677425,13.145000000000001,45.233000000000004,12.175387096774196,10.168709677419356,1.0,0.0,0.25806451612903225,0.2903225806451613
2024-12-01,43647.2203,14.356225806451615,123.4,9.479096774193549,1,0.2903225806451613,18.293000000000003,26.548666666666673,108.63900000000001,85.76,11.484366666666666,11.558100000000001,2.0,1.0,0.3,0.3
2025-01-01,50414.83192,8.142322580645162,118.93200000000002,10.55693548387097,2,0.25806451612903225,14.356225806451615,24.523322580645164,123.4,13.145000000000001,9.479096774193549,12.175387096774196,1.0,1.0,0.2903225806451613,0.25806451612903225
2025-02-01,43152.96428,12.578428571428573,68.95400000000001,10.547428571428572,1,0.2857142857142857,8.142322580645162,18.293000000000003,118.93200000000002,108.63900000000001,10.55693548387097,11.484366666666666,2.0,2.0,0.25806451612903225,0.3
2025-03-01,43194.33149,19.20941935483871,77.932,12.713548387096775,0,0.3225806451612903,12.578428571428573,14.356225806451615,68.95400000000001,123.4,10.547428571428572,9.479096774193549,1.0,1.0,0.2857142857142857,0.2903225806451613
2025-04-01,43683.72924,21.985100000000003,125.99900000000002,13.14856666666667,0,0.26666666666666666,19.20941935483871,8.142322580645162,77.932,118.93200000000002,12.713548387096775,10.55693548387097,0.0,2.0,0.3225806451612903,0.25806451612903225
2025-05-01,49337.47428,24.71129032258065,236.41200000000003,10.737935483870968,1,0.2903225806451613,21.985100000000003,12.578428571428573,125.99900000000002,68.95400000000001,13.14856666666667,10.547428571428572,0.0,1.0,0.26666666666666666,0.2857142857142857
2025-06-01,53542.2739,27.700400000000005,161.734,10.222566666666667,1,0.3,24.71129032258065,19.20941935483871,236.41200000000003,77.932,10.737935483870968,12.713548387096775,1.0,0.0,0.2903225806451613,0.3225806451612903
2025-07-01,57614.14496,27.657000000000007,6.654,5.9430000000000005,0,0.0,27.700400000000005,21.985100000000003,161.734,125.99900000000002,10.222566666666667,13.14856666666667,1.0,0.0,0.3,0.26666666666666666
